image,ALB,BET,DOL,LAG,NoF,OTHER,SHARK,YFT
img_01444.jpg,0.646794,0.132044,0.00165577,0.000377474,0.00433161,0.204762,0.000722534,0.0093131
img_03140.jpg,0.867453,0.0876667,0.00513128,0.00204809,0.00480858,0.0142617,0.00510214,0.0135289
img_03290.jpg,0.165827,0.00249569,0.00144424,0.00120978,0.00431466,0.276201,0.00573653,0.542771
img_05064.jpg,0.59165,0.0352763,0.0932388,0.0186771,0.106325,0.0409687,0.0220625,0.0918021
img_06642.jpg,0.00300599,0.00323148,9.33207e-05,0.000269692,0.000176285,0.000188221,2.35516e-05,0.993011
img_07143.jpg,0.00454585,0.00024251,0.000338639,7.60378e-05,0.993923,1.59209e-05,0.000829798,2.8111e-05
img_02602.jpg,0.788045,0.104249,0.0162179,0.00378715,0.0447006,0.0164469,0.0127936,0.0137593
img_01538.jpg,0.740367,0.0903245,0.00376578,0.00200375,0.000197989,0.156589,0.00498522,0.00176733
img_02159.jpg,0.115694,0.00314788,0.0102919,0.00834014,0.861172,0.000692072,0.000581258,8.08855e-05
img_06807.jpg,0.0430325,0.000855674,0.000530423,0.00161654,0.911803,0.0033402,0.0382691,0.000552134
img_06845.jpg,0.268645,0.152523,0.0691843,0.0134866,0.00572207,0.0148553,0.22509,0.250494
img_02734.jpg,0.560686,0.32404,0.0446967,0.00407657,0.0143335,0.0388314,0.00261774,0.0107187
img_02702.jpg,0.991917,0.000215122,0.000173921,0.000157722,0.00252527,0.000673486,0.000158383,0.00417879
img_02231.jpg,0.35825,0.0336369,0.0104726,0.0777404,0.367271,0.122006,0.0235047,0.00711899
img_07371.jpg,0.00424364,0.0275776,0.856763,0.00168577,0.00141467,0.0155244,0.00219633,0.0905951
img_01562.jpg,0.00447455,0.00339302,0.000334757,0.00059373,0.000766921,0.000221282,0.0984575,0.891758
img_07908.jpg,0.492663,0.0242157,0.025104,0.127907,0.0331461,0.0111267,0.0236951,0.262142
img_05156.jpg,0.472495,0.00178882,0.000652294,0.0011876,0.0146571,0.5015,0.00653881,0.00118114
img_06555.jpg,0.384086,0.0425122,0.0744254,0.188913,0.134422,0.0549494,0.00762639,0.113065
img_04323.jpg,0.0257956,0.00273686,0.000485938,0.00139561,0.926388,0.00365576,0.0390867,0.000455535
img_02838.jpg,0.602941,0.0532547,0.00404682,0.0216413,0.3011,0.0021344,0.000783283,0.0140982
img_06800.jpg,0.00193887,0.000170903,0.0032208,0.0104807,0.982436,0.000298126,0.000611775,0.000842932
img_06003.jpg,0.729111,0.0432611,0.00323093,0.00459259,0.012693,0.0217454,0.0264526,0.158914
img_01966.jpg,0.92751,0.0660095,0.0020803,0.00111682,0.000614963,0.000671995,0.00129548,0.000701329
img_01426.jpg,0.311612,0.442226,0.00105135,0.0036265,0.000266279,0.0739855,0.035416,0.131816
img_01688.jpg,0.6152,0.0435983,0.00318099,0.00255446,0.0158667,0.145183,0.0351049,0.139312
img_01031.jpg,0.69005,0.0157143,0.17879,0.00583858,0.00136149,0.0950077,0.00906271,0.00417551
img_04237.jpg,0.000124965,0.998077,0.000105453,0.000654781,8.70687e-05,0.000645032,0.000142493,0.000162813
img_06947.jpg,0.000233581,0.00336425,0.000700997,0.00180547,0.989076,0.000903271,0.00103048,0.00288559
img_06186.jpg,0.873704,0.0258412,0.021635,0.0119066,0.0334803,0.0214272,0.00577218,0.00623363
img_02398.jpg,0.623684,0.00228615,0.000791844,0.00513947,0.0720355,0.0986076,0.010401,0.187054
img_06294.jpg,0.992305,0.00463397,4.34286e-05,0.000107568,0.00143809,0.00142866,7.59144e-06,3.57581e-05
img_07910.jpg,0.984913,0.00613998,0.00378046,7.82447e-05,0.00356309,0.00108118,0.000166135,0.000278014
img_05284.jpg,0.395219,0.510164,0.00139685,0.00473693,0.00651637,0.0395575,0.0158669,0.0265423
img_05209.jpg,0.824413,0.0790047,0.0615105,0.00696125,0.0192408,0.00386782,0.00252282,0.00247909
img_00102.jpg,0.595831,0.0557651,0.00396414,0.00421346,0.00905099,0.196101,0.0017731,0.133301
img_07616.jpg,0.545789,0.0788707,0.0854061,0.0319936,0.0575082,0.0418716,0.0280774,0.130483
img_06616.jpg,0.484749,0.0107499,0.00515886,0.00194905,0.166053,0.236401,0.00139529,0.0935442
img_07192.jpg,0.550516,0.00449991,0.00618058,0.00107366,0.416218,0.00390232,0.00186636,0.015743
img_04888.jpg,0.974759,0.00378983,0.000278577,0.00036742,0.00414107,0.000710721,0.000407403,0.0155456
img_00375.jpg,0.284139,0.0467661,0.232669,0.0805356,0.325625,0.028284,0.00182116,0.000159058
img_03283.jpg,0.000910142,0.00937122,0.0152111,0.0583161,1.99151e-05,0.00152009,0.000711975,0.91394
img_01511.jpg,0.933765,0.00159342,0.00787975,0.00254519,0.0134099,0.0344313,0.00587834,0.000497428
img_01552.jpg,0.998348,0.000615651,0.000144771,1.97202e-05,0.000407558,0.000367296,5.90082e-05,3.81432e-05
img_03670.jpg,0.68389,0.00405013,0.0202686,0.0241349,0.213687,0.0236425,0.0136799,0.0166466
img_05950.jpg,0.94663,0.0191492,0.0201644,0.000404763,0.00549143,0.00455306,0.00261842,0.000988698
img_06475.jpg,0.548844,0.010306,0.00160644,0.00401609,0.022101,0.255352,0.0165036,0.141271
img_03588.jpg,0.0540051,0.000253484,0.000535855,0.00486372,0.0537698,0.856565,0.0280074,0.00199924
img_03974.jpg,0.574731,0.00136147,0.00653056,0.000752063,0.401711,0.00492796,0.00083683,0.00914942
img_04640.jpg,0.674799,0.000983216,0.00104862,0.00155729,0.0245356,0.294445,0.000168672,0.00246227
img_00280.jpg,0.282223,0.00503157,0.00828875,0.00408243,0.688685,0.00275571,0.00202542,0.00690758
img_03548.jpg,0.385257,0.0252542,0.0147208,0.00574144,0.00740733,0.0413519,0.0674286,0.452839
img_07833.jpg,0.914555,0.0306626,0.000835685,0.000820283,0.00351741,0.0252406,0.00955267,0.0148156
img_07543.jpg,0.0113196,0.00147932,5.86081e-05,7.49881e-05,0.986928,2.09272e-05,6.30502e-05,5.53599e-05
img_02890.jpg,0.313937,0.0141828,0.00963652,0.00579751,0.00778741,0.639143,0.00933518,0.000180398
img_00484.jpg,0.42578,0.113034,0.0636978,0.0381209,0.00590067,0.00793953,0.237508,0.10802
img_01627.jpg,0.958474,0.00193652,0.000745469,0.000356448,4.2376e-05,0.0367603,0.00118939,0.000495893
img_07278.jpg,0.977023,0.00895883,0.00042555,0.00030831,0.00471926,0.00275223,0.000118378,0.00569454
img_03116.jpg,1.86149e-05,0.160561,0.0818599,0.00450911,0.573221,0.000178462,0.0046645,0.174987
img_02307.jpg,0.279776,0.114064,0.00437542,0.00693169,0.175204,0.0164647,0.0213833,0.3818
img_05085.jpg,0.269701,0.00608915,0.0113446,0.0160012,0.638694,0.00268449,0.00566189,0.0498235
img_05393.jpg,0.441887,0.253349,0.00166775,0.00862464,0.000163372,0.065769,0.0467673,0.181772
img_05654.jpg,0.88367,0.000849938,0.000329008,0.0142732,2.12353e-05,0.097304,0.00283748,0.000714908
img_07921.jpg,0.0133519,0.00142264,1.34692e-05,0.00119359,0.000141674,0.983147,0.000258671,0.000471001
img_05440.jpg,0.89282,0.0643101,0.0122097,0.0106025,0.0133639,0.00384169,0.00157357,0.00127867
img_04272.jpg,0.853759,0.00534174,0.000513046,0.000487266,0.0420058,0.00315619,0.00159501,0.093142
img_07792.jpg,0.366616,0.114742,0.00869524,0.0031043,0.0213668,0.380944,0.000343581,0.104189
img_00921.jpg,0.623947,0.00372297,0.00192623,0.00259637,0.0895309,0.161715,0.00677965,0.109782
img_02651.jpg,0.98505,0.000881093,0.00389972,0.000208707,0.00827475,0.000211281,0.000178799,0.00129572
img_04263.jpg,0.940855,0.00148302,0.000318276,0.000964676,0.046249,0.00746708,0.00122555,0.00143774
img_02546.jpg,0.248564,0.154374,0.00748941,0.00977215,0.169591,0.00676179,0.0168969,0.386551
img_03239.jpg,5.23418e-08,0.00019433,8.68133e-06,1.20704e-05,9.67329e-06,1.75495e-05,0.999708,4.99555e-05
img_07045.jpg,0.4733,0.00626788,0.00131892,0.0010332,0.252725,0.000359393,0.00464105,0.260354
img_00587.jpg,0.675604,0.0160764,0.00252203,0.001363,0.00990223,0.188195,3.29233e-05,0.106304
img_01983.jpg,0.286416,0.0165285,0.0690153,0.0137661,0.427306,0.184331,0.00132753,0.00130937
img_05743.jpg,0.358646,0.0433445,0.0288837,0.0037856,0.0116331,0.524105,0.0293703,0.000231945
img_02066.jpg,0.347594,0.0255209,0.0197178,0.0206428,0.296612,0.186412,0.0265194,0.0769811
img_02252.jpg,0.696971,0.000522697,0.000198179,0.000506332,0.28536,3.56607e-05,0.000638813,0.0157672
img_06426.jpg,0.798926,0.0148166,0.000841875,0.000786886,0.0101794,0.00134337,0.00351597,0.169589
img_05548.jpg,0.944178,0.000475927,0.00146129,0.0137613,3.13217e-05,0.0376321,0.00224944,0.000210891
img_07213.jpg,0.178665,0.265489,0.289512,0.0101609,0.0464654,0.17209,0.0310438,0.00657381
img_02281.jpg,0.000345779,0.0297597,0.0393623,0.908511,0.0031732,0.00334066,0.00065039,0.0148565
img_03069.jpg,0.0958847,0.0793755,0.00284449,0.155348,0.000634669,0.117893,0.00407428,0.543946
img_06203.jpg,0.480335,0.00365541,0.0033962,0.000825584,0.0995121,0.072817,0.0466764,0.292783
img_04642.jpg,0.450532,0.0175268,0.00063779,0.00147055,0.519756,0.00370451,0.000896697,0.00547503
img_05835.jpg,0.530933,0.102554,0.0173749,0.0402588,0.281495,0.00680934,0.00142501,0.0191502
img_06658.jpg,0.125699,0.000917156,0.0005471,0.00129086,0.000550067,0.454951,0.0166507,0.399394
img_03602.jpg,0.22847,0.00397368,0.00238315,0.00342953,0.0987094,0.632766,0.0242927,0.00597614
img_06902.jpg,0.351823,0.0032111,0.00689576,0.014444,0.582844,0.00101035,0.00296258,0.0368092
img_07068.jpg,0.419319,0.177332,0.00681037,0.00329728,0.0166948,0.0487371,0.120937,0.206872
img_05293.jpg,0.0206559,0.25747,0.00161026,0.403724,0.00140118,0.041946,0.0412989,0.231893
img_03471.jpg,0.000744494,0.000261991,0.00437455,0.971959,0.000178977,0.000348921,0.00179757,0.0203346
img_01102.jpg,0.0817315,0.17002,0.147615,0.0913703,0.0762767,0.000663634,0.0108307,0.421492
img_00483.jpg,0.968282,0.00738171,0.000365757,0.00057802,0.00760732,0.000457913,0.00164328,0.0136844
img_04044.jpg,0.819234,0.0017266,0.0164547,0.00871827,0.138838,0.00249311,0.00789136,0.00464452
img_01388.jpg,0.624392,0.103611,0.00149094,0.00138097,0.0054334,0.253172,0.00240979,0.00811066
img_07094.jpg,0.98359,0.00302923,0.000328433,0.000259346,0.00216999,9.3861e-05,0.000546137,0.00998334
img_02074.jpg,0.758174,0.050287,0.00487638,0.127279,0.0221367,0.03348,0.00141303,0.00235405
img_03312.jpg,0.928401,0.00860818,0.00082762,0.000467912,2.00649e-05,0.041734,0.00392652,0.0160152
img_05640.jpg,0.903032,0.0154142,0.0119072,0.00236001,0.0498884,0.00516774,0.00310363,0.00912734
img_01204.jpg,0.00733134,0.972264,9.05777e-05,9.53827e-05,0.00903648,8.39806e-05,0.00214503,0.00895362
img_05915.jpg,0.00109263,0.00321472,0.745386,0.00117956,0.000354642,0.0390244,0.00330167,0.206446
img_02556.jpg,0.640175,0.00604267,0.0007061,0.000706751,0.0020344,0.00263299,0.000298676,0.347404
img_04410.jpg,0.558839,0.0832938,0.0956056,0.0563309,0.0216179,0.163644,0.00435473,0.0163142
img_01059.jpg,0.658915,0.0111015,0.000491865,0.0006384,0.00166084,0.1818,0.0617422,0.0836503
img_07060.jpg,0.506328,0.0298659,0.0372871,0.0158385,0.000579489,0.253096,0.00625377,0.150752
img_05211.jpg,0.360999,0.0521383,0.00296503,0.00574232,0.118864,0.00779559,0.0103946,0.441101
img_02974.jpg,0.91638,0.00699793,0.000260445,0.00228288,0.0489307,0.000497199,0.000657862,0.0239932
img_03866.jpg,0.796544,0.0173616,0.000850521,0.00511528,0.0226738,0.105176,0.00321138,0.0490673
img_00948.jpg,0.136594,0.00942527,0.00825673,0.0197669,0.724731,0.00214371,0.00568631,0.0933962
img_02299.jpg,0.215818,0.246856,0.0537724,0.0608577,0.000191984,0.27449,0.00882705,0.139187
img_06611.jpg,0.000213456,0.0959912,0.218496,0.00367457,0.0147868,0.0022975,0.00144747,0.663093
img_01976.jpg,0.957288,0.00198921,9.87338e-05,0.00051024,0.000981339,0.00215199,0.000573124,0.0364077
img_02522.jpg,0.923747,0.0111631,0.00411102,0.0129874,0.0179435,0.013455,0.00704808,0.00954483
img_07146.jpg,0.0619861,0.000945603,0.000909192,0.00294107,0.889228,0.00360604,0.0334139,0.00697
img_02194.jpg,0.892076,0.0015491,9.52306e-05,0.000250836,0.0898483,0.0155621,0.000306257,0.000312512
img_01955.jpg,0.000241946,0.000147031,0.000994399,0.000175285,0.000775406,0.000257849,0.00154506,0.995863
img_00120.jpg,0.0069688,0.00304171,0.000285531,0.000573671,0.00029961,0.000209623,0.0869398,0.901681
img_04156.jpg,0.472004,0.0101034,0.301901,0.00600609,0.0101645,0.172557,0.0167952,0.0104683
img_00053.jpg,0.779941,0.00306359,0.0349036,0.0214953,0.0273077,0.00221996,0.0244067,0.106662
img_01366.jpg,0.24316,0.0345226,0.033868,0.00510711,0.00791449,0.658309,0.0169219,0.000196467
img_02857.jpg,0.172321,0.148819,0.00389646,0.00232029,0.64777,0.00689853,0.00621017,0.0117649
img_06147.jpg,0.304573,0.142978,0.0151474,0.0281248,0.018491,0.0147049,0.357616,0.118365
img_01646.jpg,0.894295,0.0128156,0.00748295,0.0597799,0.00171573,0.00625326,0.0167651,0.000892353
img_00493.jpg,0.161541,0.0395168,0.0268397,0.0249476,0.619951,0.121633,0.00146731,0.00410356
img_04306.jpg,0.970516,0.00391439,0.000915526,0.000654261,0.000289,0.000185786,0.000435062,0.02309
img_03333.jpg,0.64404,0.00195557,0.000205837,0.000894248,0.0113334,0.328002,0.0100173,0.00355117
img_01413.jpg,0.862632,0.00143271,0.00318313,0.00404317,0.120419,0.00193584,0.00138342,0.00497109
img_00894.jpg,0.228863,0.00844761,0.0245318,0.00179387,0.656112,0.00313812,0.00222389,0.0748905
img_00667.jpg,0.014392,0.967287,7.77282e-05,8.40567e-05,0.00789413,9.67168e-05,0.00153899,0.00862914
img_05046.jpg,0.201197,0.0865478,0.00214753,0.0042499,0.227074,0.0128347,0.024532,0.441417
img_04425.jpg,0.8273,0.0800743,0.00258389,0.00394628,0.00736285,0.00736246,0.00370483,0.0676655
img_02789.jpg,0.00710721,0.000191764,0.00301252,0.000771827,0.959126,0.00109212,0.0286726,2.63228e-05
img_05508.jpg,0.812791,0.00951027,0.00373098,0.00391685,0.00868877,0.000896159,0.00215906,0.158307
img_04257.jpg,0.283948,0.0225226,0.00100264,0.00226339,0.680714,0.00170528,0.000865344,0.00697918
img_07467.jpg,0.940128,0.0125354,0.000273523,0.00088829,0.0381227,0.00312226,0.000369512,0.00456073
img_03847.jpg,0.0341845,0.2071,0.00328061,0.0954592,0.0158675,0.591837,0.00898074,0.0432908
img_00914.jpg,0.00363849,0.0499144,0.0105152,0.00177069,0.00777684,0.0341428,0.00355553,0.888686
img_04415.jpg,0.687181,0.00667617,0.0033324,0.00513664,0.0889221,0.0763436,0.0351318,0.0972767
img_01537.jpg,0.922526,0.00214836,0.00331333,0.00168672,0.00441169,0.0604053,0.0033652,0.00214308
img_07156.jpg,0.662418,0.00185027,0.00231956,0.00065052,0.00203367,0.324464,0.00598357,0.00028001
img_05021.jpg,0.00802522,0.000169899,1.34245e-05,9.19486e-05,0.99034,6.31045e-05,0.00115893,0.000137728
img_00855.jpg,0.856229,0.00353274,0.0444516,0.0288692,0.00382334,0.010581,0.00462828,0.0478852
img_03370.jpg,0.976227,0.000281248,3.70272e-05,0.000113203,0.000650031,0.00785636,2.14112e-05,0.0148133
img_07508.jpg,0.22042,0.0589856,0.0715392,0.0204044,0.271179,0.015744,0.27962,0.0621075
img_02699.jpg,0.415036,0.00172051,0.00240326,0.00496001,0.479445,0.0057636,0.0199252,0.0707465
img_05754.jpg,0.42412,0.00167129,0.0269669,0.00626673,0.109635,0.395505,0.0226027,0.0132325
img_05768.jpg,0.00250493,0.00180558,0.000486503,0.000930895,0.00105204,0.000668418,0.119853,0.872698
img_07173.jpg,0.000981966,0.000389253,2.8078e-05,0.00189589,1.35682e-05,0.000793484,0.000774746,0.995123
img_02422.jpg,0.795816,0.0190899,0.00273251,0.00321219,0.00972399,0.143433,0.00105314,0.0249398
img_07757.jpg,0.238297,0.00470129,0.0085804,0.00231499,0.683087,0.00363295,0.00652643,0.0528597
img_07183.jpg,0.00378245,0.330928,0.00218576,0.0884101,0.00472041,0.0592164,0.00771085,0.503046
img_01441.jpg,0.00285538,0.00699159,0.00459418,0.00215543,0.00271709,0.00739048,0.0583986,0.914897
img_07179.jpg,0.0106768,7.90833e-05,2.53919e-05,0.000176877,0.988924,2.74255e-05,7.06556e-05,1.96337e-05
img_02641.jpg,0.949719,0.00213503,0.00489884,0.00482711,0.00493979,0.0131585,0.00715658,0.0131656
img_01177.jpg,0.586701,0.000706662,0.0281944,0.0251896,0.269584,0.0313903,0.0185324,0.0397012
img_02964.jpg,2.54912e-05,0.00237337,0.00486856,0.000813226,7.56494e-05,0.000678266,0.000300376,0.990865
img_07448.jpg,0.614982,0.00972476,0.0246546,0.133775,0.0101943,0.0291862,0.0142797,0.163204
img_05735.jpg,0.205678,0.176489,0.00563015,0.0143372,0.0318292,0.379019,0.00136209,0.185655
img_03739.jpg,0.000260153,0.00872594,0.200773,0.000352964,0.000173671,0.0131365,0.000579265,0.775999
img_01685.jpg,0.265419,0.108761,0.0412036,0.00694613,0.439139,0.121399,0.0129528,0.00417919
img_06368.jpg,0.295839,0.169161,0.160633,0.0177183,0.0957896,0.242777,0.0165568,0.00152501
img_07237.jpg,0.635819,0.0864174,0.00360249,0.00843171,0.000274981,0.124303,0.0189814,0.12217
img_02268.jpg,0.68945,0.005751,0.00832224,0.124286,0.0716238,0.0136971,0.00783247,0.0790369
img_01888.jpg,0.0209352,0.00265742,4.21168e-05,0.00160475,4.25616e-05,0.973943,0.000171196,0.000603489
img_05076.jpg,0.546839,0.0114603,0.00111236,0.00110304,0.00552133,0.0226565,0.000357424,0.41095
img_05657.jpg,0.206392,0.00847152,0.00909426,0.0029472,0.713936,0.00364485,0.00690494,0.0486085
img_05580.jpg,0.0759841,0.0444108,0.00163001,0.00122152,0.00206812,0.00119171,0.0860094,0.787484
img_04183.jpg,0.393304,0.00624978,0.00043293,0.00255231,0.00269705,0.019412,0.0011852,0.574166
img_00027.jpg,0.707277,0.0081681,0.00125207,0.00100086,0.00405091,0.272409,1.08985e-05,0.00583116
img_02270.jpg,0.565725,0.0587273,0.0905675,0.0177591,0.13267,0.0480757,0.0123898,0.0740849
img_02077.jpg,0.198402,0.00314482,0.0102951,0.409886,0.00360077,0.368059,0.00655572,5.69794e-05
img_00358.jpg,0.552367,0.0102087,0.00269543,0.00511895,0.0191227,0.100009,0.00386934,0.306609
img_00119.jpg,0.0473376,0.879997,0.00092438,0.000529959,0.0104267,0.000397009,0.0035971,0.0567899
img_02842.jpg,0.183254,0.00309265,0.00288628,0.00346004,0.0853239,0.667008,0.0503579,0.00461757
img_07352.jpg,0.914529,0.00902397,8.43481e-05,0.00116382,0.0211363,0.000424792,0.000841229,0.0527965
img_02078.jpg,0.0968961,0.0144473,0.149764,0.0138302,0.59263,0.00100028,0.000945783,0.130486
img_07103.jpg,0.966882,0.0134346,0.000243455,0.000529989,0.0125584,0.00317109,0.000228228,0.00295249
img_01213.jpg,0.793457,0.0704132,0.00432251,0.0131834,0.00784889,0.00783297,0.00559899,0.0973432
img_06311.jpg,0.78385,0.0330605,0.000895325,0.000714658,0.00171753,0.17632,0.00140234,0.00203995
img_05434.jpg,0.0421927,0.000464048,0.014105,0.00149037,0.938019,0.00340329,0.000232792,9.31771e-05
img_00777.jpg,0.864268,0.00392181,0.00284392,0.000605058,0.00141308,0.123578,0.00310542,0.00026384
img_03475.jpg,0.0133572,0.000531844,0.000195799,0.000301059,0.9853,1.03808e-05,7.89192e-05,0.00022497
img_06893.jpg,0.324694,0.00211272,0.00347411,0.00299947,0.299097,0.066652,0.00908495,0.291886
img_03628.jpg,0.966574,0.00819466,0.000206014,0.000736475,0.0149567,0.00133341,0.00169329,0.00630589
img_05572.jpg,0.0366692,0.0149667,0.000570875,0.000318438,0.000544548,0.00105226,0.21277,0.733108
img_07354.jpg,0.943764,0.00441025,9.32363e-05,0.000904865,0.0292845,0.000506832,0.00119883,0.0198373
img_03082.jpg,0.735193,0.24135,0.000190875,0.0214571,0.000589355,0.00045196,0.000510931,0.000256874
img_07678.jpg,0.00831575,0.000719694,0.00205697,0.984598,0.000538852,0.00114919,0.00054439,0.00207728
img_00730.jpg,0.0966071,0.00268462,0.000243588,0.000781512,0.000681279,0.00143617,0.00112672,0.896439
img_05269.jpg,0.603553,0.00318595,0.00241601,0.000973141,0.316629,0.000349626,0.00387492,0.0690181
img_02406.jpg,0.118239,0.00175738,0.00314608,0.605336,0.000856405,0.263915,0.00666767,8.21399e-05
img_06259.jpg,2.1063e-06,0.000343294,0.00882949,0.000336249,1.76117e-05,0.00398979,0.000749319,0.985732
img_00164.jpg,0.0320996,0.00341334,0.0080668,0.00485813,0.832026,0.00865812,0.00158905,0.109289
img_04766.jpg,0.81602,0.0159965,0.00109416,0.00346241,0.0107142,0.00238766,0.0512599,0.0990647
img_03928.jpg,0.217028,0.422854,0.0629003,0.0288574,0.0530487,0.0381095,0.0928206,0.0843811
img_05584.jpg,0.18332,0.604348,0.0986313,0.0119998,0.0333748,0.00233453,0.00398814,0.0620032
img_00889.jpg,0.0024686,0.00968126,0.310448,0.0059389,0.000583616,0.127635,0.00370757,0.539537
img_02565.jpg,0.5583,0.0124729,0.00595762,0.00763786,0.128479,0.108815,0.00696682,0.171371
img_05731.jpg,0.03121,0.000395672,9.95911e-06,0.000329235,0.96629,0.000496714,0.000888188,0.000380705
img_07580.jpg,0.000507622,0.424847,0.000696707,0.0626668,0.00179606,0.012564,0.0299554,0.466966
img_00128.jpg,0.000720416,0.486876,0.380987,0.00180446,0.00333189,0.0128906,0.00134005,0.112049
img_02799.jpg,0.959892,0.0104976,0.000235096,0.000683362,0.0222296,0.00332933,0.000322686,0.00281006
img_04482.jpg,0.921014,0.010521,0.00907585,0.0253022,0.000665642,0.0306583,0.00210591,0.000656816
img_00383.jpg,0.975258,0.00652949,0.00014768,0.000528652,0.0115387,0.0029345,0.000206015,0.00285737
img_04240.jpg,0.307904,0.00148524,0.00184446,0.00121107,0.107183,0.0522558,0.025582,0.502534
img_06371.jpg,0.00229259,0.989593,0.000530723,0.00022453,3.51855e-05,0.00113195,0.00141132,0.00478029
img_05953.jpg,0.111666,0.026644,0.225486,0.00981496,0.180402,0.281225,0.069812,0.0949497
img_03563.jpg,0.511012,0.215119,0.00108913,0.221432,0.0034626,0.00261342,0.00389438,0.0413774
img_00902.jpg,1.65347e-08,0.000273219,1.14405e-05,1.25234e-05,4.13975e-06,1.40479e-05,0.999587,9.766e-05
img_04461.jpg,0.781192,0.00246958,0.00975209,0.117698,0.0129353,0.00632845,0.0151502,0.0544739
img_06144.jpg,0.0198713,0.0286301,0.444819,0.00587081,0.105934,0.0178531,0.0342632,0.342759
img_00518.jpg,0.713478,0.00285901,0.00895891,0.0152728,0.106727,0.0221356,0.051629,0.0789399
img_01681.jpg,0.101115,0.0026891,0.000475022,0.00130395,0.00375397,0.00234554,0.000617605,0.8877
img_03342.jpg,0.713633,0.0575694,0.00385004,0.000707316,0.00996395,0.176443,9.35313e-06,0.0378242
img_05979.jpg,0.286684,0.00165181,0.00362381,0.0013013,0.699785,0.00466789,0.000983191,0.00130296
img_00780.jpg,0.0109716,0.144125,0.183813,0.0011333,0.00252453,0.497214,0.0104332,0.149785
img_02920.jpg,0.650625,0.0592665,0.0190313,0.00253038,9.18383e-05,0.254517,0.00473599,0.00920245
img_07434.jpg,0.020683,0.000739659,0.000565158,0.000159013,0.976615,0.000469565,0.000413964,0.000354526
img_05563.jpg,0.659745,0.0406987,0.00253842,0.00117617,0.000319894,0.214564,0.0178421,0.0631161
img_04127.jpg,0.0654246,0.00141003,0.000749524,0.00370287,0.00108547,0.593356,0.0174217,0.316849
img_01802.jpg,0.588568,0.0531715,0.00498442,0.00446797,0.180881,0.144173,0.00301894,0.0207353
img_03043.jpg,0.00228647,0.00608741,0.551955,0.00182318,0.00174546,0.356487,0.0235397,0.0560757
img_05074.jpg,0.131777,0.00183796,0.00145729,0.00104455,0.8552,0.0071165,0.000916331,0.000650437
img_03992.jpg,0.0293009,0.502716,0.0291922,0.00386427,0.307879,0.00415322,0.0109036,0.111991
img_03261.jpg,0.326945,0.246928,0.189006,0.113803,0.0262978,0.0413485,0.00523061,0.0504413
img_06189.jpg,0.783232,0.0465476,0.0155883,0.00677477,0.0543401,0.0661391,0.0134927,0.0138852
img_04726.jpg,1.52138e-05,0.0377333,0.00559003,0.000996358,0.910601,0.00230287,0.00290714,0.0398543
img_02291.jpg,0.768224,0.200191,0.0139468,0.000350984,0.00660936,0.00738972,0.00201405,0.00127468
img_04118.jpg,0.668132,0.10702,0.00191342,0.00356307,0.00164628,0.208229,0.00181444,0.00768197
img_06510.jpg,0.91979,0.00194432,0.000819962,0.000279179,0.0652032,0.00135467,0.000868535,0.0097397
img_03490.jpg,0.195709,0.230997,0.0288049,0.00658145,0.139999,0.0164782,0.00900578,0.372424
img_03801.jpg,0.916663,0.0111179,0.00110198,0.00220071,0.00304178,0.00109274,0.00184739,0.0629341
img_05792.jpg,0.962864,0.000422233,0.000171699,0.000584426,0.00630176,0.0217976,0.000158882,0.00769984
img_04261.jpg,0.69573,0.234437,0.00026594,0.0663987,0.00119956,0.000347455,0.00092353,0.000698059
img_00765.jpg,0.0603498,0.0176832,4.54933e-05,0.00207239,0.000107691,0.918403,0.000349577,0.000988328
img_04386.jpg,0.427057,0.0183542,0.0141253,0.00427489,0.0716063,0.408125,0.00237514,0.0540826
img_04705.jpg,0.000346793,0.0553488,0.655948,0.0019413,0.059367,0.00195032,0.00100587,0.224092
img_06401.jpg,0.0112537,0.000743003,0.00941578,0.00487618,0.966139,0.000620932,0.00158686,0.00536463
img_03439.jpg,0.728689,0.00416381,0.0107383,0.119344,0.0246578,0.101001,0.00535486,0.00605079
img_05603.jpg,0.729979,0.0816239,0.0429702,0.00699118,0.0627757,0.046115,0.0103204,0.0192242
img_04478.jpg,0.983184,0.00284416,0.0117739,0.00114071,0.000322581,0.000587405,0.000115583,3.12638e-05
img_00833.jpg,0.398862,0.00163568,0.000997554,0.00453595,0.00705088,0.151141,0.0541704,0.381606
img_00718.jpg,0.669413,0.000933135,0.00168967,0.00251461,0.00319091,0.311268,0.00579777,0.00519278
img_06059.jpg,0.000220209,0.000154952,7.23813e-05,0.000126231,0.999285,9.02477e-06,0.000131741,7.35109e-07
img_05139.jpg,0.000217497,0.00175776,0.176095,0.0112391,0.000376075,0.0474418,0.00517183,0.757701
img_04585.jpg,6.13156e-05,0.00125048,0.00123418,0.000371066,0.996768,2.96252e-05,8.87332e-05,0.000197105
img_02977.jpg,0.157439,0.405429,0.00297508,0.00195852,0.417257,0.00158896,0.00357741,0.00977489
img_01963.jpg,0.986705,0.00367426,4.23657e-05,0.000694231,0.0041894,0.00260132,0.0005033,0.00159045
img_05653.jpg,0.019595,0.747083,0.0101697,0.00282231,0.000718012,0.00937119,0.0934195,0.116821
img_07147.jpg,6.68466e-08,0.000230955,4.74233e-05,0.000105275,0.99955,4.81273e-05,1.10775e-05,7.5246e-06
img_02808.jpg,0.892146,0.0385172,0.00266062,0.00476103,0.00633411,0.0541444,0.000736555,0.00070006
img_02956.jpg,0.613328,0.0230458,0.00179435,0.00583127,0.00992111,0.0304999,0.0126422,0.302937
img_00582.jpg,0.522382,0.268433,0.0291954,0.0116194,0.0106135,0.134909,0.00309975,0.0197469
img_03711.jpg,0.804004,0.00542631,0.0383962,0.0105505,0.0784661,0.01421,0.00613219,0.0428148
img_02636.jpg,0.494811,0.0422777,0.00270284,0.00148246,0.361693,0.000535178,0.0872686,0.00922947
img_04830.jpg,0.764959,0.000880593,0.00251653,0.00670162,0.213582,0.00431485,0.00341383,0.00363194
img_05516.jpg,0.911089,0.0440935,0.00306309,0.000751106,0.00196148,0.0226543,0.00730591,0.00908159
img_04723.jpg,0.00146829,0.00270281,0.686751,0.00345591,0.00202508,0.00573204,0.00135106,0.296514
img_05828.jpg,0.952595,0.00172346,0.000136982,0.000989737,0.0401649,0.00355309,0.000681656,0.000154998
img_03078.jpg,0.297503,0.384007,0.1437,0.137269,0.001383,0.0323881,0.00363721,0.000111384
img_02638.jpg,0.438205,0.0955256,0.00307684,0.0027613,0.00127255,0.00443858,0.0231589,0.431561
img_01657.jpg,9.36463e-08,1.94599e-05,0.997303,0.000165245,3.05731e-05,0.000495189,9.52648e-05,0.00189106
img_07469.jpg,0.00293281,0.00737318,0.210162,0.00362143,0.000928102,0.0700758,0.00412578,0.700781
img_04013.jpg,0.000471899,0.605409,0.000589791,0.0271937,0.00128958,0.00479151,0.0113445,0.34891
img_04369.jpg,0.691044,0.0047066,0.00092296,0.00178685,0.00543944,0.291116,0.00340129,0.00158313
img_07505.jpg,0.9611,0.00416681,0.00200323,0.000875548,0.0204421,0.00325085,0.0004871,0.00767424
img_07330.jpg,0.9041,0.0148907,0.00168862,0.000470403,0.00450555,0.0100255,0.0127412,0.0515784
img_00170.jpg,0.642475,0.00198254,0.0125463,0.136401,0.0101334,0.184936,0.00476642,0.0067594
img_04546.jpg,0.00443096,0.145336,0.339231,0.000536113,0.000268372,0.116535,0.00267005,0.390991
img_07044.jpg,0.150431,0.00337444,0.0245507,0.00622978,0.00778468,0.000178378,0.0041844,0.803266
img_06860.jpg,0.0230583,0.0104398,0.000625385,0.00079433,0.960647,0.00236966,0.00023729,0.00182786
img_07818.jpg,0.955506,0.0143827,0.000275996,0.000673219,0.0231123,0.00338658,0.000255285,0.00240827
img_03454.jpg,0.708555,0.00278058,0.00801618,0.0179533,0.227352,0.0227172,0.0107156,0.00191013
img_03726.jpg,0.000536524,0.534891,0.000896886,0.0674436,0.0058011,0.00789974,0.0102591,0.372272
img_00212.jpg,0.000809139,0.000528512,4.29041e-05,0.00323332,3.35802e-05,0.00257318,0.000847821,0.991932
img_06663.jpg,0.00239216,0.00491646,0.0143967,0.941731,0.00101761,0.0198619,0.000911481,0.0147724
img_05276.jpg,5.73783e-05,0.0366472,0.00430673,0.00175169,0.929063,0.00663773,0.00113409,0.0204021
img_07594.jpg,0.139709,0.0116062,0.000694798,0.000676928,0.00627243,0.00108863,0.0091754,0.830777
img_01142.jpg,0.909748,0.000448032,0.0042997,0.00342714,0.0333112,0.00569833,0.0213115,0.0217556
img_01035.jpg,0.896998,0.00387774,0.00241256,0.00044909,0.00191371,0.092407,0.00178104,0.000161114
img_04554.jpg,0.948346,0.00141525,0.00203884,0.00180588,0.0214743,0.0023855,0.0196262,0.00290747
img_00543.jpg,0.986929,0.00572675,0.000100059,0.000197221,0.00302582,0.00146413,6.25501e-05,0.00249401
img_02769.jpg,0.00246574,0.0192109,0.82915,0.00133683,0.00146779,0.00746449,0.00283299,0.136071
img_03210.jpg,6.16922e-05,0.00523142,0.00481633,0.00179824,0.000152734,0.00158981,0.000884982,0.985465
img_02679.jpg,0.0704071,0.132741,0.16151,0.0121309,0.254663,0.000617198,0.0182522,0.349679
img_03199.jpg,0.815057,0.0277013,0.000723605,0.00202888,0.0050617,0.0037531,0.0235389,0.122136
img_07110.jpg,0.821013,0.0027665,0.00272058,0.00190998,0.00545258,0.156778,0.00468519,0.00467375
img_05718.jpg,0.00079068,0.444919,0.00143668,0.0957183,0.00649283,0.0209054,0.0104208,0.419317
img_07623.jpg,0.846326,0.0258677,0.00219341,0.00243431,0.10102,0.000417025,0.00336444,0.0183774
img_02889.jpg,0.772956,0.00866893,0.0117547,0.0890261,0.0672034,0.00712813,0.00734804,0.0359151
img_04860.jpg,0.963727,0.0010361,0.000586065,0.00804249,0.0141241,0.00684037,0.00257571,0.0030684
img_04856.jpg,0.854092,0.00441947,0.0138723,0.0190693,0.0435375,0.0192155,0.00778252,0.0380118
img_02865.jpg,0.0291465,0.952308,8.73383e-05,0.000111393,0.0107042,0.000144867,0.00113454,0.00636289
img_04990.jpg,0.0103179,0.0036055,0.000314416,0.000491038,0.000637843,0.000174522,0.166948,0.81751
img_07137.jpg,0.85365,0.0257877,0.0102881,0.00793471,0.0552591,0.00520954,0.010424,0.0314466
img_00289.jpg,0.533121,0.00186872,0.000308779,0.00196192,0.458893,0.00165014,0.00100428,0.00119228
img_00575.jpg,0.613548,0.0036246,0.00113106,0.00185326,0.0244762,0.0979175,0.10874,0.14871
img_04408.jpg,0.505409,0.256578,0.0015673,0.196067,0.00474946,0.00277708,0.0108265,0.0220256
img_05433.jpg,0.531473,0.00102252,0.000733068,0.00277445,0.0114323,0.442718,0.000449458,0.00939727
img_03260.jpg,0.902212,0.00426802,0.00304262,0.00332117,0.0340888,0.0401455,0.0032124,0.00970954
img_05292.jpg,0.652442,0.00403279,0.00130218,0.000576978,0.00661021,0.305588,1.65171e-05,0.0294319
img_04661.jpg,0.832773,0.0406297,0.00335187,0.00337699,0.00614283,0.110177,0.00225485,0.00129429
img_02726.jpg,0.157795,0.030408,0.120303,0.0174915,0.552955,0.119477,0.000891869,0.000679451
img_04752.jpg,0.211112,0.00335445,0.00957485,0.51567,0.00099947,0.250836,0.00831825,0.000135022
img_07689.jpg,0.00598376,0.00285575,0.03839,0.931511,0.00426391,0.0055537,0.000504069,0.0109378
img_07065.jpg,0.000581012,0.578036,0.000742412,0.0258611,0.000829322,0.00569812,0.00811092,0.380141
img_05236.jpg,0.482443,0.10253,0.00513661,0.00359054,0.00296203,0.189546,0.000258548,0.213533
img_00018.jpg,0.905245,0.000606265,0.00116447,0.00236934,0.00121726,0.0549397,0.00279829,0.0316597
img_00005.jpg,0.00193851,8.06258e-05,0.000440877,0.000163925,0.996487,6.43549e-05,0.000793164,3.18751e-05
img_05038.jpg,0.860665,0.0105156,0.00159733,0.00065083,0.00590682,0.00502238,0.00733151,0.10831
img_02646.jpg,0.000355251,0.00422449,0.000911321,0.000785614,0.000816716,0.0920466,0.00307586,0.897784
img_05341.jpg,0.876086,0.00721464,0.00186689,0.00146066,0.0961458,0.00891964,0.00116712,0.0071392
img_06549.jpg,0.963435,0.00525639,0.000472843,0.000829088,0.0011359,0.0254413,0.00280176,0.000628019
img_06684.jpg,0.982454,0.00388142,0.000272433,0.000284221,0.000132166,0.0111219,0.00108565,0.000768515
img_05410.jpg,0.000190037,0.00381699,0.0690368,0.000821727,0.000475306,0.0323455,0.00253404,0.89078
img_03892.jpg,0.0543271,0.00898187,0.00634806,0.00193091,0.00822106,0.664152,0.0686721,0.187367
img_00538.jpg,0.876299,0.00173548,0.00463606,0.026046,0.00119027,0.00761435,0.0177883,0.0646904
img_00664.jpg,0.988657,0.00197738,0.00278326,9.11647e-05,0.00598431,0.000357102,7.0423e-05,7.88704e-05
img_05459.jpg,0.320944,0.2185,0.0358714,0.0253142,0.0128388,0.0364317,0.00526555,0.344834
img_04921.jpg,0.180707,0.00146225,0.00975562,0.00488833,0.0551568,0.644744,0.0917161,0.0115702
img_05673.jpg,0.726992,0.0989396,0.0311226,0.00517086,0.0291268,0.100159,0.00362684,0.00486243
img_04004.jpg,0.745618,0.00385748,0.00747383,0.00334956,0.00963972,0.204123,0.00357202,0.0223659
img_05439.jpg,0.965061,0.000719997,0.000436321,0.00521611,0.0166464,0.00511417,0.00348254,0.00332303
img_05682.jpg,0.0509148,0.00653772,0.00333363,0.00823682,0.020521,0.124815,0.0527275,0.732914
img_01995.jpg,0.00588252,0.234758,0.0023142,0.118781,0.00563103,0.0784303,0.00984673,0.544356
img_01669.jpg,0.0875967,0.0105263,0.0783299,0.781358,0.00848658,0.0326614,0.000870379,0.000170392
img_05568.jpg,0.784994,0.100556,0.000897251,0.0102971,0.0729655,0.00282985,0.00288952,0.0245706
img_06909.jpg,0.868835,0.10599,0.0167454,0.00369105,0.00100183,0.00268145,0.000699369,0.000356419
img_00442.jpg,2.45588e-06,0.000344851,0.00192943,0.000136074,1.16194e-06,0.000872558,0.000166909,0.996547
img_06099.jpg,0.458483,0.114483,0.0130314,0.00271974,0.379653,0.00614679,0.00602762,0.0194555
img_03238.jpg,0.805422,0.00294123,0.000709398,0.00265611,0.0187421,0.0966029,0.00271462,0.0702115
img_06324.jpg,0.614468,0.045103,0.00612686,0.0453539,0.00397326,0.234838,0.00625009,0.043887
img_02372.jpg,0.00291513,0.000169243,0.000175522,0.000499337,0.994667,0.000416935,0.00080479,0.000352352
img_01724.jpg,0.849931,0.00230736,0.0062834,0.00230249,0.0109383,0.116427,0.00718058,0.00463037
img_00724.jpg,0.0722196,0.0164806,0.0060021,0.0577201,0.0115172,0.0372804,0.517885,0.280895
img_00837.jpg,0.782827,0.0453948,0.00723219,0.0157165,0.103625,0.0274097,0.0137769,0.0040176
img_02347.jpg,0.21328,0.00843326,0.00857364,0.00254232,0.692758,0.00851256,0.00854449,0.0573551
img_04586.jpg,0.94728,0.0351458,0.00751902,0.00451947,0.000924129,0.00372077,0.000504197,0.000386814
img_00141.jpg,2.2001e-05,0.00107006,0.00279288,0.000407393,4.05588e-05,0.000235428,0.000310743,0.995121
img_03584.jpg,0.000339158,0.0610843,0.0153541,0.00299839,0.0716619,0.000272846,0.00084933,0.84744
img_01745.jpg,0.890848,0.000192536,0.0644324,0.0204657,0.00442926,0.00914867,0.00102942,0.00945444
img_05525.jpg,0.683874,0.0437775,0.0267194,0.00352955,0.130526,0.0766389,0.0330861,0.00184841
img_00591.jpg,0.136969,0.00228929,0.000813738,0.00112421,0.00207433,0.243915,0.00218036,0.610634
img_01373.jpg,0.178333,0.000579927,0.00165294,0.000823008,0.798709,0.018001,0.00166413,0.000237024
img_03457.jpg,0.939344,0.00247716,0.0015811,0.00116688,0.00432402,0.0465947,0.0011019,0.00341061
img_04268.jpg,0.906701,0.000441471,0.000233597,0.000340129,0.0220529,0.0631043,0.000149565,0.00697705
img_06698.jpg,0.607833,0.00102203,0.000803964,0.00299426,0.0178325,0.347211,0.00032479,0.0219782
img_06946.jpg,0.876934,0.0136334,0.000612508,0.000383054,0.006987,0.0227522,0.000457199,0.0782402
img_06440.jpg,0.295524,0.00187277,0.00112368,0.00117912,0.0250373,0.641376,0.0267138,0.0071734
img_02416.jpg,0.32046,0.228801,0.0323381,0.00700408,0.199724,0.0218897,0.00721368,0.18257
img_03440.jpg,3.477e-05,0.0779015,0.12635,0.00168041,0.00479266,0.000330053,0.000462398,0.788448
img_05488.jpg,0.85968,0.00527254,0.00643428,0.0127972,0.00308278,0.0986006,0.013678,0.000454302
img_00533.jpg,0.662001,0.103759,0.00649785,0.00698401,0.00804442,0.0092817,0.0161907,0.187242
img_00618.jpg,0.735655,0.00738866,0.00167428,0.00384723,0.214804,0.0257415,0.005477,0.00541284
img_06037.jpg,0.30256,0.00939991,0.0199092,0.00762024,0.0717706,0.0971546,0.462088,0.0294972
img_04037.jpg,0.759797,0.0166725,0.0274136,0.0028432,0.109629,0.0598777,0.00969336,0.0140734
img_04101.jpg,0.884673,0.0112977,0.00484854,0.00058692,0.00093904,0.0936059,0.0033448,0.000704353
img_03297.jpg,0.982739,0.0026528,0.0017745,0.0023551,0.0062962,0.00240442,0.000859514,0.000918483
img_05612.jpg,0.916576,0.0475473,0.00245249,0.00219835,0.00752886,0.0227018,0.000498022,0.000497334
img_05489.jpg,0.399116,0.456256,0.0378255,0.00721918,0.00224989,0.0947242,0.00247629,0.000133534
img_01853.jpg,0.0278425,0.00103952,0.000228761,0.000724867,0.000698192,0.00569783,0.000889394,0.962879
img_01505.jpg,0.00692646,0.950683,0.000123761,0.000121983,0.0201258,4.15096e-05,0.00184046,0.0201373
img_05558.jpg,0.872242,0.0139858,0.00085489,0.00017459,0.00144407,0.00407694,0.000147034,0.107075
img_00417.jpg,0.000583059,0.000611721,0.000104113,0.0184906,5.28597e-05,0.0062151,0.00590563,0.968037
img_04520.jpg,0.353462,0.106,0.0362865,0.00974099,0.108375,0.0224524,0.253442,0.110242
img_01984.jpg,0.0568382,0.0709042,0.0142095,0.00241838,0.000352278,0.00122033,0.00242383,0.851633
img_05948.jpg,0.220686,0.000592944,7.24034e-05,0.000640671,0.00465412,0.637054,0.133149,0.00315011
img_01874.jpg,0.419341,0.00068394,0.000228503,0.000527985,0.0278008,0.535623,0.00679785,0.00899698
img_07187.jpg,0.984479,0.00207975,0.000194926,0.000268028,0.0118004,0.000102172,0.000200587,0.000875112
img_03674.jpg,0.000698866,9.84674e-05,8.54858e-05,8.87375e-05,0.998228,2.20192e-05,0.000755431,2.28485e-05
img_02899.jpg,0.943332,0.00192748,0.0017239,0.0315792,0.00155746,0.0169984,0.0027486,0.00013333
img_06756.jpg,0.962628,0.00140932,0.000560852,0.00382056,0.0202706,0.00578403,0.00455898,0.000968073
img_04375.jpg,0.00181315,0.000123883,0.000459586,0.000279896,0.996617,9.27143e-05,0.000249218,0.000364549
img_02666.jpg,0.991104,0.000676371,0.000164757,5.30464e-05,0.00572414,0.000262021,0.000598326,0.00141731
img_01856.jpg,0.965333,0.00545098,0.000181071,0.000510711,0.00753463,0.00725413,0.000783203,0.0129527
img_03809.jpg,0.92025,0.0116221,0.00182361,0.00464591,0.00656569,0.00930659,0.0320698,0.0137165
img_02709.jpg,0.66935,0.00664032,0.0113317,0.118959,0.0391545,0.00716124,0.00682042,0.140583
img_05026.jpg,0.632194,0.0228168,0.000759343,0.000560209,0.00258516,0.0812032,0.000272659,0.259609
img_05445.jpg,0.961244,0.00212834,0.000665552,0.00409859,0.0175397,0.0117477,0.00166302,0.000913195
img_06962.jpg,0.12725,0.0137845,0.0235244,0.00490079,0.00137958,0.242096,0.42253,0.164535
img_05794.jpg,0.981281,0.00400314,0.00127818,0.000346745,0.00157949,0.00774697,0.000987963,0.00277667
img_07436.jpg,0.0155624,0.00407487,0.00505863,0.00201279,0.000759012,0.466247,0.397908,0.108377
img_03310.jpg,0.844227,0.0106778,0.00593292,0.0111194,0.0110067,0.115296,0.00120025,0.000539759
img_06849.jpg,0.186088,0.141956,0.00226526,0.00450326,0.0177136,0.00190967,0.0180299,0.627535
img_04719.jpg,0.427477,0.00111046,0.000578879,0.0027296,0.393124,0.157974,0.00431864,0.0126871
img_03715.jpg,0.025698,0.0115104,0.0269168,0.911128,0.00631182,0.00498522,0.00343908,0.0100108
img_05137.jpg,0.666043,0.00797574,0.00162109,0.00850487,0.017225,0.198144,0.00288406,0.0976021
img_07304.jpg,0.729723,0.0215263,0.0267244,0.00927384,0.129661,0.0673086,0.0119828,0.00380038
img_05095.jpg,0.846282,0.126025,0.00969177,0.00294273,0.000548995,0.00659736,0.000765364,0.00714665
img_01043.jpg,0.00760008,0.000111279,0.000473991,0.000213303,0.9909,0.000277243,0.000391425,3.22676e-05
img_07583.jpg,0.597082,0.0243452,0.00584604,0.0243607,0.13554,0.0386264,0.116084,0.0581158
img_06832.jpg,0.681664,0.0116445,0.123544,0.0726146,0.00398409,0.0865071,0.00951503,0.0105266
img_03527.jpg,6.67225e-07,0.000683612,0.24007,0.000804918,1.96155e-05,0.00152482,0.000156392,0.75674
img_04879.jpg,0.0163558,0.0145901,0.00139504,0.0134576,0.0310199,0.921856,0.000930085,0.000395301
img_06690.jpg,0.00056689,0.00125807,0.181298,0.0152003,0.00115128,0.047248,0.0035115,0.749766
img_03254.jpg,0.28434,0.00238831,0.000877821,0.00163918,0.0399497,0.605939,0.0606053,0.00426062
img_07906.jpg,0.00242364,0.0184394,0.799965,0.000694756,0.00189586,0.0309252,0.00348784,0.142168
img_04712.jpg,0.0339043,0.0121172,0.221513,0.0168393,0.3128,0.0912428,0.00668636,0.304897
img_00380.jpg,0.900607,0.0467472,0.0153494,0.00794921,0.0193002,0.0027311,0.00320058,0.00411583
img_03074.jpg,0.982135,0.00391154,0.000997882,0.0017666,0.000469969,0.00433278,0.00560385,0.000782477
img_01198.jpg,0.232459,0.00638865,0.00749176,0.00201517,0.705623,0.0119019,0.00702084,0.0271003
img_01237.jpg,0.00437687,0.000349819,0.000530591,0.000926306,0.989684,0.000440192,0.00195358,0.00173896
img_05251.jpg,0.505844,0.0452627,0.00514978,0.00736702,0.0168656,0.0375677,0.168129,0.213814
img_07538.jpg,0.0245849,0.013523,0.0117453,0.00659914,0.00113114,0.303477,0.345888,0.293051
img_04496.jpg,0.966618,0.00237601,8.82655e-05,0.000581335,0.00261214,0.001556,0.000481569,0.0256871
img_00876.jpg,0.0981148,0.862565,0.000633043,0.000532103,0.0139252,8.83915e-05,0.000673628,0.0234683
img_07553.jpg,0.321552,0.000909032,0.00643884,0.00211491,0.497939,0.160397,0.0101461,0.000502271
img_02216.jpg,0.00446202,0.277225,0.00826022,0.000570426,0.69193,0.00223662,0.00078845,0.0145266
img_06806.jpg,0.185939,0.131527,0.251629,0.0531786,0.0436439,0.000847235,0.0115376,0.321698
img_00865.jpg,0.783548,0.0873595,0.0162341,0.00259745,0.00470598,0.0140918,0.0281966,0.0632668
img_07474.jpg,0.787588,0.00467093,0.0298125,0.00131031,0.152432,0.0193157,0.00272683,0.00214376
img_07050.jpg,0.0021925,0.00545834,0.0569161,0.911547,0.0031669,0.00775689,0.000643327,0.0123188
img_02749.jpg,0.702237,0.0017602,0.00919337,0.136541,0.0117083,0.119159,0.00696734,0.0124341
img_03361.jpg,0.0187365,0.96111,0.00599242,0.00348794,0.00754952,0.000132901,0.00211312,0.000877235
img_04962.jpg,2.57646e-05,0.0550921,0.584684,0.000406733,0.000186065,0.00261678,0.000240714,0.356748
img_03087.jpg,0.00893807,0.00101835,0.000612701,0.000907206,0.975286,0.0050679,0.006318,0.00185155
img_05492.jpg,0.000369692,0.019582,0.363745,0.00682762,7.85672e-05,0.00842865,0.00370372,0.597265
img_06870.jpg,0.61066,0.360762,0.000607758,0.0110759,0.00308589,0.00320876,0.00298362,0.0076163
img_04129.jpg,0.721429,0.0052645,0.0310287,0.0013959,5.0175e-05,0.00334642,0.00297733,0.234508
img_00071.jpg,0.071514,0.00690889,0.0018094,0.892761,0.00250525,0.0190667,0.00338397,0.00205099
img_04115.jpg,0.850434,0.0132467,0.0018028,0.00299952,0.0103116,0.00181664,0.0393742,0.0800145
img_03080.jpg,0.982368,0.000548965,0.000217149,0.00112925,0.00270457,0.00191874,0.00657976,0.00453342
img_00223.jpg,0.72382,0.0059067,0.14143,0.00573287,0.000845843,0.00634197,0.00100776,0.114915
img_07717.jpg,0.848378,0.00951639,0.00329823,0.00234797,0.0543797,0.0678152,0.0117511,0.00251366
img_01222.jpg,0.14922,0.266849,0.0857003,0.0816141,0.000177463,0.372145,0.00792385,0.0363706
img_06237.jpg,0.704852,0.0948779,0.028992,0.0220376,0.0354394,0.0367068,0.0116853,0.0654093
img_05426.jpg,0.00242203,0.00792403,0.0149918,0.95672,0.000547921,0.00893635,0.000340666,0.00811772
img_00311.jpg,0.990472,0.00274768,6.3573e-05,0.00022685,0.00264814,0.00124772,6.01665e-05,0.00253412
img_04324.jpg,0.484421,0.0121674,0.00271979,0.00231532,0.330365,0.00582619,0.00774447,0.154441
img_06038.jpg,0.0442266,0.0664181,0.169687,0.00249004,0.000746786,0.0118359,0.00561805,0.698977
img_01543.jpg,0.953951,0.000721955,0.00209326,0.000552341,0.0323864,0.000602638,0.00181525,0.00787702
img_06103.jpg,0.746334,0.000408507,0.000250784,0.000684246,0.249129,0.000752301,0.000170328,0.00227115
img_01541.jpg,1.5486e-05,0.0583926,0.00546987,0.00169923,0.904127,0.00369725,0.00220547,0.0243932
img_07199.jpg,0.151654,0.0031773,0.00110019,0.0106491,0.831472,0.00105851,0.000432977,0.000455365
img_00564.jpg,0.00101793,0.00198208,0.000165015,0.000480422,0.991639,0.00279157,0.000537045,0.00138654
img_00109.jpg,0.96615,0.00180832,0.000100372,0.000372858,0.0302868,0.00040995,0.000179882,0.000691792
img_05087.jpg,0.996451,0.000501642,0.000244748,3.42466e-05,0.00116203,0.00134347,0.000206883,5.57473e-05
img_01684.jpg,0.894319,0.013023,0.00311933,0.00287828,0.00513497,0.00238507,0.00135683,0.0777832
img_02560.jpg,0.015113,0.00217124,7.43403e-05,8.94661e-05,0.982398,1.99805e-05,6.73753e-05,6.63922e-05
img_00172.jpg,0.0171192,0.000434187,0.000127361,0.000478399,0.981681,5.21474e-05,6.04072e-05,4.69843e-05
img_00816.jpg,0.989028,0.0016786,0.000218184,0.000125383,0.00580397,0.000277156,0.000424925,0.00244369
img_03853.jpg,0.855947,0.00365562,0.000577802,0.00219966,0.109323,0.015928,0.00955388,0.00281502
img_05879.jpg,0.534577,0.0136738,0.00174116,0.000820433,0.000537729,0.429209,0.017705,0.00173604
img_04991.jpg,0.000164357,0.00120554,8.63512e-05,0.00196627,0.000322766,0.995941,0.000285848,2.78358e-05
img_07628.jpg,4.22901e-06,0.20823,0.0865536,0.00322236,0.402356,0.000272403,0.00350422,0.295857
img_04419.jpg,0.0219501,0.000259191,0.00116378,0.000540403,0.974751,0.000695618,0.000589898,4.96678e-05
img_01188.jpg,0.0481064,0.00316595,2.24072e-05,0.00129697,0.000258572,0.946545,0.000186636,0.000417986
img_01773.jpg,0.0467414,0.0176243,0.000617977,0.000513388,0.000643774,0.00140879,0.315284,0.617166
img_07375.jpg,0.496402,0.00091354,0.00121009,0.00421137,0.012156,0.477912,0.000521071,0.00667473
img_06522.jpg,0.64992,0.00358655,0.000425457,0.00150357,0.00444531,0.11762,0.00024765,0.222251
img_05192.jpg,0.0241995,0.0260907,0.00224142,0.00182456,0.000144831,0.000229014,0.432237,0.513033
img_06521.jpg,0.363102,0.117303,0.00568162,0.015145,0.00527841,0.00663516,0.00458732,0.482267
img_05908.jpg,0.00396223,0.000209612,0.0033588,0.000402112,0.99109,0.000416332,0.000507439,5.3001e-05
img_02235.jpg,0.00061252,0.38421,0.000783788,0.0889856,0.00131429,0.00870909,0.00954847,0.505837
img_07746.jpg,0.600445,0.00344561,0.0158393,0.00140717,0.0135447,0.337499,0.0219957,0.0058234
img_07460.jpg,0.602226,0.208155,0.0254914,0.0197829,0.0349381,0.07175,0.0245678,0.0130891
img_00030.jpg,0.0502809,0.0142993,0.0456774,0.00336249,0.720955,0.00357287,0.14775,0.0141019
img_05264.jpg,0.000543762,0.0289473,0.306599,0.00561504,0.000216422,0.016673,0.00143471,0.63997
img_05755.jpg,0.623659,0.143966,0.00574121,0.00227912,0.138611,0.0163082,0.0191794,0.0502563
img_05766.jpg,0.708619,0.146585,0.00206979,0.00122873,0.000152087,0.00359435,0.000763252,0.136988
img_03229.jpg,0.0244872,0.00474903,0.00329981,0.00319061,0.000737885,0.148513,0.562509,0.252513
img_06489.jpg,0.137938,0.000152098,0.000969518,0.000579307,0.855707,0.00387822,0.000719534,5.60101e-05
img_07905.jpg,0.862677,0.032408,0.00922594,0.000530848,0.0491,0.045041,0.000190951,0.000826098
img_03422.jpg,0.868458,0.0297391,0.00582721,0.00816215,0.00692308,0.0788954,0.00104904,0.000946296
img_05724.jpg,0.737056,0.0326584,0.108569,0.0292706,0.0011109,0.028039,0.0109121,0.052384
img_00133.jpg,0.120161,0.00238913,0.00273027,0.00187583,0.853317,0.0148399,0.00398801,0.000698417
img_06914.jpg,0.00407456,0.00117559,5.01082e-05,0.000429736,0.993424,0.000195068,0.000609675,4.13089e-05
img_04814.jpg,3.99555e-06,0.000340768,0.997672,8.36452e-05,0.000169583,0.00112307,3.67137e-05,0.000569776
img_00943.jpg,0.944653,0.0178474,0.000305523,0.000941249,0.0226104,0.000916223,0.000833437,0.0118927
img_03931.jpg,0.483579,0.0795648,0.00863522,0.00534929,0.269062,0.141438,0.00219842,0.0101723
img_06477.jpg,0.0421212,0.132237,0.00403384,0.00315857,0.000108634,0.000454842,0.288469,0.529417
img_02400.jpg,0.931022,0.0019203,0.0275408,0.00675982,0.00492365,0.0113797,0.00252374,0.0139301
img_01687.jpg,0.16376,0.0260319,0.00137847,0.00112852,0.0014965,0.000873526,0.0177093,0.787621
img_02949.jpg,0.975845,0.000172121,0.0160926,0.00680423,0.000782746,0.000239364,5.96563e-05,4.59267e-06
img_02285.jpg,0.439953,0.00686781,0.00210693,0.0062229,0.533928,0.00582743,0.00459417,0.000499974
img_01930.jpg,0.834678,0.0573153,0.0577041,0.00814399,0.0223688,0.00383763,0.00445165,0.011501
img_01847.jpg,0.137284,0.154584,0.0077222,0.00289537,0.00232948,0.00437045,0.00305608,0.687759
img_02871.jpg,0.105761,0.11788,0.00508443,0.00686353,0.00697941,0.103404,0.21333,0.440698
img_00551.jpg,0.778158,0.00277757,0.000918721,0.00466648,0.00781893,0.196766,0.0085429,0.000351734
img_06966.jpg,0.0401872,0.025644,0.000767217,0.000449238,0.000166808,0.00246529,0.00225575,0.928065
img_03166.jpg,0.569631,0.0510594,0.00505702,0.00436641,0.190451,0.153972,0.00260505,0.022857
img_00717.jpg,0.331862,0.36748,0.0853101,0.0117816,0.00233902,0.128184,0.00917845,0.0638652
img_00469.jpg,0.637449,0.0190101,0.0188876,0.101101,0.0200047,0.0121483,0.008405,0.182994
img_05613.jpg,0.00292825,0.00835051,6.62913e-05,0.000398417,6.97785e-05,0.00149682,4.39247e-05,0.986646
img_04341.jpg,0.592853,0.079719,0.0128768,0.0155713,0.148058,0.0376199,0.107482,0.00581972
img_05817.jpg,0.169087,0.00112653,0.000470187,0.0015417,0.00177785,0.568231,0.059874,0.197892
img_00152.jpg,0.000146335,0.000228218,0.000443908,0.0014917,0.00405626,0.00837949,0.000567769,0.984686
img_00598.jpg,0.654867,0.0127619,0.00292858,0.00443695,0.000558026,0.00492269,0.0435233,0.276001
img_06506.jpg,0.744895,0.00510247,0.0148033,0.00191179,0.181149,0.000751769,0.00419088,0.0471961
img_05119.jpg,0.937316,0.00516848,0.00042588,0.00143918,0.0059718,0.00354656,0.00186735,0.0442644
img_00962.jpg,7.80316e-07,0.0038749,0.000364693,0.000383187,5.45236e-06,0.00219412,6.45432e-05,0.993112
img_04750.jpg,0.0123946,0.000511518,0.000384007,0.000126854,0.985725,0.000358195,0.000273702,0.000225916
img_03996.jpg,0.957283,0.00825113,0.00432608,0.000765209,0.000235454,0.000186427,0.00418945,0.0247629
img_02943.jpg,0.940505,0.00845823,0.000725469,0.00422842,0.00303198,0.0177204,0.00326079,0.0220694
img_04647.jpg,0.962974,0.0114229,0.000188574,0.000618371,0.0191286,0.00310756,0.000231944,0.00232814
img_01090.jpg,0.0122914,0.0711486,0.00555321,0.0024859,0.89898,0.000513409,0.00704967,0.00197736
img_00007.jpg,0.0137478,0.181608,0.0303629,0.00984405,0.000290851,0.08331,0.0124081,0.668428
img_01379.jpg,0.692296,0.0172716,0.0295951,0.0084518,0.176261,0.059726,0.0135986,0.00280076
img_07191.jpg,0.295097,0.197009,0.228537,0.00867277,0.0473103,0.216582,0.00592129,0.000870517
img_05147.jpg,0.00474871,0.0186054,0.0298258,0.935349,0.00092237,0.00780947,0.00032557,0.00241377
img_05241.jpg,0.133531,0.0115372,0.00816316,0.00300535,0.0011851,0.832936,0.00960199,4.02609e-05
img_00232.jpg,7.07903e-08,0.000157847,8.54672e-06,1.33676e-05,1.70784e-05,1.40089e-05,0.999693,9.60261e-05
img_07062.jpg,0.00170188,0.000121282,0.0012495,0.00036942,0.994813,0.000599119,0.000640124,0.00050608
img_01616.jpg,0.796088,0.0571106,0.0139281,0.00718229,0.0351237,0.0383419,0.0478089,0.00441604
img_06137.jpg,1.42696e-05,0.000366399,0.00197791,0.000490871,9.01091e-06,0.00109225,6.66292e-05,0.995983
img_00376.jpg,0.821054,0.0118252,0.0255599,0.000611244,0.132355,0.0038771,0.00122603,0.00349196
img_03223.jpg,0.554714,0.210551,0.00607946,0.00287114,0.0229983,0.0467289,0.0234955,0.132561
img_00950.jpg,0.00151701,4.78946e-05,0.00040596,0.000247606,0.997424,0.00010649,0.000196099,5.4469e-05
img_01716.jpg,5.0836e-05,0.00100305,0.000762895,0.000486189,0.99433,0.000661796,0.000949647,0.00175507
img_04427.jpg,0.0536376,0.00449067,0.00107281,0.00244968,0.00145935,0.00872923,0.0815622,0.846599
img_03064.jpg,0.805534,0.0487653,0.0302075,0.00135648,0.0642582,0.0350071,0.00224912,0.0126223
img_00161.jpg,2.242e-05,0.000242068,0.000155634,4.61815e-05,4.71377e-06,0.00105464,3.49901e-05,0.998439
img_01224.jpg,0.22147,0.0548059,0.250538,0.00216688,0.00207793,0.0112024,0.00416641,0.453573
img_03324.jpg,0.00921269,0.038925,0.247336,0.00311728,0.00115385,0.00289445,0.00178982,0.695571
img_04503.jpg,0.0169358,0.000528462,8.60672e-05,0.000422923,0.980405,0.000660135,0.000747642,0.000214382
img_06525.jpg,0.283128,0.0477871,0.211508,0.0954265,0.338788,0.0201906,0.00278621,0.000385556
img_01519.jpg,0.466048,0.00274385,0.00156044,0.00282206,0.00220741,0.521023,0.00203165,0.00156298
img_01495.jpg,0.471268,0.0721535,0.0283658,0.00116751,0.000234814,0.00113178,0.00678461,0.418894
img_00757.jpg,0.795174,0.00400208,0.00850205,0.0745348,0.014262,0.00445288,0.00504302,0.0940297
img_04138.jpg,0.00394959,5.51673e-05,3.11592e-05,0.000115007,0.994861,0.000728387,0.00025373,5.56524e-06
img_02687.jpg,0.0476158,0.0107813,0.000122388,0.00577848,0.00309831,0.00565518,0.00332171,0.923627
img_00599.jpg,0.823698,0.0237336,0.00243288,0.000969451,0.00592475,0.00154434,0.00865641,0.133041
img_03014.jpg,1.40605e-07,0.000726156,0.00013017,0.000172289,0.998742,0.000172376,3.38512e-05,2.28177e-05
img_03444.jpg,0.649027,0.291154,0.000158525,0.00218407,0.000506601,0.00579819,0.00232236,0.0488501
img_00763.jpg,1.55748e-05,0.138214,0.0773407,0.00262246,0.536924,0.000148488,0.00156033,0.243174
img_07409.jpg,0.791796,0.00427371,0.00800574,0.00805471,0.16898,0.00462584,0.00827477,0.00598956
img_01618.jpg,0.913716,0.0307064,0.000365919,0.000337286,0.00153299,0.049878,0.00161614,0.00184699
img_06067.jpg,0.000559606,0.150641,0.419849,0.00276289,0.0020161,0.00811429,0.000960986,0.415095
img_03547.jpg,0.943819,0.000528466,0.00218692,0.0126058,2.82682e-05,0.0380112,0.00242313,0.000397494
img_06681.jpg,4.97554e-05,0.000363271,0.00465357,0.97804,2.56214e-05,0.00033369,0.00121165,0.0153222
img_07224.jpg,2.27156e-05,2.44249e-05,0.000170872,6.19466e-05,0.999655,2.34081e-05,3.81949e-05,3.68821e-06
img_03776.jpg,0.152641,0.00277373,0.00178714,0.00265932,0.710916,0.00080878,0.00528361,0.12313
img_01649.jpg,0.848521,0.00385255,0.00237908,0.00327169,0.115413,0.0127379,0.0110624,0.00276271
img_04870.jpg,0.97407,0.00177115,0.00184113,0.00242499,0.00543781,0.0137063,0.000727027,2.19749e-05
img_07120.jpg,0.0834171,0.00343939,0.0238541,0.00287533,0.0777289,0.00306309,0.00705837,0.798564
img_05595.jpg,0.824306,0.0174681,0.00112561,0.00329586,0.0198324,0.00150466,0.0320446,0.100423
img_03891.jpg,0.703608,0.245727,0.0187152,0.0160594,0.000356146,0.00748454,0.00309135,0.00495839
img_00716.jpg,0.360339,0.16626,0.00965017,0.00396937,0.0138666,0.0719333,0.170289,0.203693
img_05981.jpg,0.181408,0.00241788,0.00122863,0.000891374,0.809791,0.00299506,0.000627278,0.000640392
img_06851.jpg,0.00234152,0.00769034,0.00140498,0.00233053,6.20685e-05,0.176269,0.544846,0.265056
img_05475.jpg,0.02346,0.00146138,0.000167292,0.000684098,0.972142,0.00114934,0.000824329,0.000111632
img_03228.jpg,0.946498,0.00416496,0.00763511,0.0306608,0.000260243,0.00548953,0.00141002,0.00388145
img_07872.jpg,0.224016,0.00600829,0.0115089,0.00186902,0.708074,0.014354,0.00563923,0.0285305
img_04002.jpg,0.00391422,0.0112295,0.00269263,0.0163158,0.0211078,0.943558,0.000993431,0.000188262
img_04271.jpg,0.0263051,0.00187507,0.000118681,0.000347748,0.968407,0.00188285,0.000652379,0.000411464
img_07574.jpg,0.407656,0.00952386,0.00405287,0.0081144,0.561404,0.003808,0.00498141,0.00045884
img_05967.jpg,0.483866,0.130245,0.0157656,0.055579,0.000559364,0.0038782,0.0115751,0.298532
img_00764.jpg,0.0010508,0.239035,0.0419092,0.00308884,0.0388518,0.00109881,0.0010927,0.673873
img_02830.jpg,0.273604,0.303311,0.0177616,0.00618323,0.0295123,0.246877,0.0595988,0.0631523
img_03652.jpg,0.914458,0.00145481,0.000322094,0.000324091,0.0767614,0.00562185,0.000521989,0.000535494
img_07663.jpg,0.0434846,0.951798,0.000572761,0.000392706,5.60904e-05,0.00151562,0.000292902,0.0018869
img_04835.jpg,0.00137601,0.22455,0.00133246,0.123516,0.00088504,0.556184,0.00119417,0.0909617
img_01824.jpg,0.421392,0.000125126,0.000196346,0.000973012,0.0021029,0.553424,0.0215603,0.000226739
img_02904.jpg,0.844893,0.00251833,0.0335119,0.0167318,0.0537081,0.0047261,0.0171072,0.0268032
img_00590.jpg,0.048308,0.00301856,0.000674788,0.00112689,0.00102923,0.00867554,0.00218738,0.93498
img_06859.jpg,0.353696,0.118047,0.107713,0.00345238,0.262658,0.131487,0.0179643,0.00498118
img_06936.jpg,0.963815,0.00843533,0.000149593,0.000713159,0.0190469,0.00322367,0.00031093,0.00430516
img_03805.jpg,0.756023,0.0616904,0.0976791,0.0219505,0.0015503,0.029773,0.00680081,0.0245332
img_02507.jpg,0.252074,0.178432,0.196627,0.00388751,0.268275,0.07173,0.0160769,0.0128973
img_00966.jpg,0.623089,0.0460405,0.00346894,0.0153693,0.130058,0.00303697,0.0192221,0.159715
img_01571.jpg,0.966215,0.012747,0.000190723,0.000346301,0.0155344,0.000296765,0.00044726,0.00422245
img_05084.jpg,0.103647,0.0616817,0.00242127,0.000874784,0.000231408,0.016018,0.0081154,0.80701
img_05260.jpg,0.948874,0.00582991,0.0283534,0.00169437,0.000222511,0.0133113,0.000531147,0.00118335
img_00708.jpg,0.647552,0.000583772,0.00134753,0.00280132,0.00494937,0.151175,0.0152975,0.176294
img_02172.jpg,0.943005,0.00264642,0.00283901,0.00121607,0.00487192,0.0410085,0.00276283,0.00164991
img_03886.jpg,0.963462,0.00864255,0.000620438,0.000933952,0.0212425,0.00204916,0.000406318,0.00264336
img_05916.jpg,0.945911,0.00261867,0.00112226,0.000509493,0.0330494,0.000108069,0.00046335,0.0162176
img_06273.jpg,0.530848,0.302535,0.0511059,0.00169139,0.000269933,0.11266,0.000885849,3.71291e-06
img_01689.jpg,0.00116924,0.00915397,0.518004,0.00525348,0.00577277,0.390838,0.0152263,0.0545831
img_05958.jpg,0.000170798,0.000397531,0.00214511,0.000126569,7.38502e-05,0.0236271,0.000372274,0.973087
img_05253.jpg,5.30018e-06,0.000494546,0.0139163,0.000457149,2.34107e-05,0.00202441,0.000693633,0.982385
img_01253.jpg,1.52949e-05,0.000150471,5.91981e-05,3.02189e-05,5.70254e-06,3.15032e-05,9.4461e-06,0.999698
img_03252.jpg,0.936668,0.0216972,0.0279098,0.00131507,0.00466921,0.00591447,0.000906924,0.000919519
img_01286.jpg,0.594413,0.0102172,0.0018894,0.00480667,0.178064,0.0775885,0.0548558,0.0781655
img_01803.jpg,4.52593e-05,0.0310755,0.622731,0.00385828,0.000253055,0.00434108,0.00165221,0.336043
img_01530.jpg,0.506772,0.0155772,0.00237571,0.00201463,0.463607,0.00338199,0.000896755,0.00537499
img_05196.jpg,0.000196342,0.000159604,3.10292e-05,9.05993e-05,0.99938,3.00601e-05,0.000107157,4.66596e-06
img_05336.jpg,0.895479,0.000976817,0.000351471,0.00792779,2.77832e-05,0.0926939,0.00199921,0.000544255
img_06798.jpg,0.67204,0.0430431,0.00577849,0.00509324,0.000192621,0.201006,0.0205743,0.0522715
img_05055.jpg,0.237282,0.00674498,0.0232959,0.00277381,0.719281,0.00447634,0.00198799,0.00415852
img_00486.jpg,0.577555,0.0263289,0.294043,0.0904119,0.0043571,0.00505857,0.000841641,0.00140404
img_06780.jpg,0.530992,0.0367374,0.00155993,0.000827326,0.00471087,0.00425685,0.00393573,0.41698
img_06021.jpg,0.000346275,0.201932,0.46773,0.00616649,0.00256631,0.02436,0.0023375,0.294561
img_04076.jpg,0.416027,0.408141,0.0734557,0.0196656,0.0101846,0.0431217,0.0190556,0.0103492
img_00772.jpg,5.19149e-06,0.00393235,0.288862,0.00492084,0.000114231,0.00184456,0.000560287,0.69976
img_05692.jpg,0.0137966,0.00310178,0.202857,0.0112851,0.00134999,0.0841648,0.00633139,0.677114
img_06412.jpg,0.606085,0.0283302,0.00222863,0.00363978,0.0546246,0.0931172,0.0577963,0.154178
img_00129.jpg,0.00998936,0.0135491,0.0032698,0.00502148,0.000148209,0.131634,0.65363,0.182758
img_05896.jpg,0.567952,0.00937583,0.0634903,0.265069,0.00163588,0.0162478,0.0124333,0.0637966
img_00857.jpg,0.994383,0.00172929,0.000635178,3.18954e-05,0.00118775,0.0016714,0.000317772,4.35634e-05
img_01384.jpg,0.227618,0.294142,0.198202,0.00907983,0.0311146,0.228555,0.00988055,0.00140814
img_04204.jpg,0.000234137,8.13414e-05,0.0001553,1.5897e-05,0.000211132,4.14215e-05,0.000168636,0.999092
img_05864.jpg,0.163914,0.642136,0.00389834,0.00606073,0.0106714,0.0145121,0.015983,0.142824
img_02180.jpg,0.917223,0.00948264,0.00215431,0.00228639,0.00570523,0.0569614,0.0030008,0.00318672
img_07188.jpg,0.648731,0.0165765,0.00129939,0.00456087,0.311242,0.00141283,0.00139827,0.0147799
img_01022.jpg,0.864963,0.00439141,0.00544497,0.00841518,0.0651887,0.00690453,0.00334304,0.0413494
img_04811.jpg,0.625058,0.059378,0.0135822,0.00331643,0.0945289,0.158349,0.0021987,0.0435892
img_07054.jpg,0.00599971,0.988,0.000514366,0.000661058,9.91201e-05,0.000529981,0.00045218,0.00374383
img_01860.jpg,0.937979,0.006514,0.00700284,0.000627381,0.0305601,0.0146839,0.000989413,0.00164311
img_04069.jpg,0.314529,0.0362368,0.0217595,0.00286314,0.00743364,0.594956,0.0218719,0.000349438
img_06272.jpg,0.000259613,0.00376653,0.000713826,0.00241987,0.975436,0.000731786,0.00106089,0.0156115
img_01328.jpg,0.681049,0.0822893,0.00211846,0.00212948,0.128771,0.0245108,0.0228054,0.0563269
img_01834.jpg,0.0966131,0.0768549,0.126954,0.00436865,0.000695108,0.0110329,0.00551616,0.677965
img_03410.jpg,0.347285,0.00308505,0.00064041,0.00765322,0.540133,0.00595155,0.0140029,0.0812485
img_06065.jpg,0.967345,0.00633841,0.000800537,0.000149666,0.00355952,0.00402143,0.00296568,0.0148196
img_05244.jpg,0.974522,0.00781303,0.0142779,0.00104404,0.000448086,0.00168098,0.000196206,1.74031e-05
img_02563.jpg,0.000408045,0.00072148,0.000535885,0.000917904,0.995219,0.0013303,0.000358664,0.0005086
img_03867.jpg,0.226897,0.000974163,0.00489309,0.00200729,0.746947,0.0122409,0.00479813,0.00124273
img_05520.jpg,0.19316,0.00616555,0.00263951,0.00257509,0.0825988,0.65081,0.0548966,0.00715465
img_01168.jpg,0.000279114,0.0024976,0.000206266,0.00504286,0.00052507,0.990592,0.000753014,0.000104596
img_06424.jpg,0.38869,0.0119607,0.00850605,0.0108332,0.562319,0.0104168,0.00682478,0.000449417
img_03222.jpg,0.865832,0.00921309,0.000681986,0.00111405,0.00263462,0.111456,0.00746188,0.00160667
img_03837.jpg,0.729639,0.246819,0.00390314,0.00350272,0.00767819,0.00488507,0.00216631,0.00140677
img_01593.jpg,0.649147,0.00583673,0.00141772,0.00344522,0.00230782,0.113406,0.0347845,0.189655
img_00407.jpg,0.891061,0.0399495,0.00370513,0.0121566,0.00734829,0.0431414,0.000775859,0.00186224
img_00138.jpg,0.834265,0.0695136,0.011447,0.00690959,0.0362547,0.0324227,0.00318677,0.00600013
img_00650.jpg,0.367535,0.00334052,0.0295786,0.00796055,0.27727,0.132188,0.175453,0.00667501
img_01771.jpg,0.846533,0.00406161,0.0400933,0.0889561,0.000417691,0.00455488,0.00722654,0.00815664
img_06916.jpg,0.729456,0.0592232,0.00398989,0.0230108,0.00640279,0.00725182,0.00489421,0.165771
img_00584.jpg,0.764391,0.0060248,0.000260088,0.00220811,0.218185,0.0021881,0.000874345,0.00586884
img_06097.jpg,0.31906,0.196045,0.021712,0.00627664,0.0171625,0.0517184,0.0048315,0.383194
img_03520.jpg,0.295229,0.00746107,0.016409,0.0165741,0.389658,0.12896,0.021795,0.123914
img_02993.jpg,0.00295129,0.109091,0.330183,0.000762517,0.000279514,0.210664,0.0033748,0.342693
img_00726.jpg,0.574921,0.0819512,0.0351878,0.00612992,0.137201,0.017015,0.143524,0.00406943
img_05623.jpg,0.781006,0.0606949,0.00250779,0.00179282,0.0432905,0.0958192,0.00629179,0.00859739
img_02739.jpg,0.982895,0.00661995,0.000147063,0.00025206,0.0043173,0.00305019,8.79365e-05,0.00263096
img_05722.jpg,0.0115272,0.00789654,0.00975083,0.0527751,0.0228498,0.0344961,0.572565,0.288139
img_00374.jpg,0.216583,0.0106845,0.0174853,0.000806694,0.000178648,0.0135634,0.0062724,0.734426
img_03502.jpg,0.748262,0.170031,0.00350824,0.00599726,0.0161978,0.0153771,0.000229693,0.0403969
img_01561.jpg,0.00257304,0.00332122,0.000775411,0.00100378,0.9915,0.00035594,4.98832e-05,0.000420428
img_00320.jpg,0.991673,0.00511138,0.000629338,2.57087e-05,0.00189017,0.000581902,7.3104e-05,1.50199e-05
img_02916.jpg,0.731862,0.00437554,0.151458,0.00342008,0.00199758,0.0996182,0.00662503,0.000643459
img_01918.jpg,0.0436777,0.00080235,0.02489,0.803498,0.00100922,0.00561951,0.0146996,0.105804
img_01831.jpg,0.763079,0.00482527,0.00759481,0.0996473,0.0100032,0.103763,0.00460933,0.00647843
img_02487.jpg,0.918336,0.0222087,0.000446142,0.00110958,0.0293778,0.00132761,0.00159053,0.0256039
img_03627.jpg,0.962267,0.00937804,0.0198943,0.000278697,0.00341393,0.00365029,0.000964409,0.000153439
img_06373.jpg,0.0627928,0.0262045,0.283211,0.0206292,0.000526439,0.252451,0.0124568,0.341729
img_00398.jpg,0.749048,0.0185798,0.00136915,0.00111466,0.201534,0.0069857,0.0063394,0.0150295
img_03426.jpg,0.959842,0.00517115,7.23713e-05,0.00634355,0.00148936,0.0183904,0.000412585,0.00827868
img_02486.jpg,0.224917,0.0541967,0.487949,0.00357573,0.000216829,0.217388,0.00185547,0.00990089
img_07526.jpg,0.0136701,0.0516615,0.724342,0.00824228,0.0750668,0.0989129,0.00272632,0.0253777
img_01211.jpg,0.919212,0.00668988,0.000412545,0.00749874,0.0432324,0.0110124,0.00510041,0.00684159
img_07428.jpg,0.633466,0.197923,0.00434434,0.00236149,0.0850569,0.0218276,0.021016,0.0340051
img_00446.jpg,0.786216,0.010366,0.00232513,0.00957792,0.0417218,0.0999284,0.00302343,0.0468408
img_02771.jpg,0.974574,0.00106417,0.000471889,0.0105542,2.42643e-05,0.0127355,0.000197604,0.000378307
img_04061.jpg,0.342871,0.00176098,0.000881259,0.00914135,0.00236154,0.229922,0.0375059,0.375556
img_05268.jpg,0.508852,0.00118171,0.00110726,0.00521572,0.0354339,0.438558,0.000264183,0.00938701
img_00808.jpg,0.882499,0.0462648,0.010399,0.00854757,0.000679856,0.0281508,0.00906209,0.0143967
img_03554.jpg,0.958049,0.00795993,0.000154043,0.000832108,0.0259433,0.00339347,0.000257994,0.00341008
img_05463.jpg,0.58973,0.00710678,0.0015451,0.00172793,0.00666852,0.255434,2.72845e-05,0.137761
img_04250.jpg,0.00300613,0.000416261,0.00126632,0.000676774,0.990265,0.00364346,0.000715858,1.00641e-05
img_00985.jpg,0.217187,0.083781,0.00359021,0.00696703,0.242771,0.038305,0.0260348,0.381364
img_07270.jpg,5.46337e-05,0.0431568,0.0246573,0.00173429,0.684652,0.000157048,0.00189996,0.243688
img_06985.jpg,0.855574,0.0160743,0.043116,0.0481741,0.0153661,0.00984068,0.00476819,0.00708668
img_06369.jpg,0.0724779,0.0526832,0.00039692,0.0104423,0.364328,0.00907473,0.00847505,0.482122
img_04003.jpg,0.546948,0.00265032,0.00543033,0.00338096,0.0379859,0.381763,0.0190254,0.00281653
img_02367.jpg,0.699304,0.0282451,0.00954497,0.00607202,0.128801,0.0184329,0.0215916,0.0880082
img_06571.jpg,0.554481,0.139426,0.119787,0.0320754,0.00460911,0.0132474,0.0113896,0.124985
img_05030.jpg,0.240886,0.105131,0.00960747,0.00795517,0.0505191,0.149258,0.345545,0.0910976
img_02006.jpg,0.16448,0.0737287,0.531572,0.0767486,0.0461057,0.101023,0.00578814,0.000554238
img_06959.jpg,0.641234,0.0375821,0.035411,0.0130127,0.147806,0.00714708,0.0359676,0.0818399
img_05976.jpg,0.28723,0.00113339,0.000448357,0.00170513,0.00165189,0.487702,0.0649531,0.155176
img_01633.jpg,0.576115,0.000450694,0.000237153,0.0010702,0.00344339,0.412866,0.00555131,0.000266107
img_03871.jpg,0.49871,0.0274132,0.00944164,0.00990866,0.0726645,0.358489,0.00490658,0.018466
img_04310.jpg,0.423873,0.298377,0.102609,0.0140484,0.0928714,0.0122727,0.0133406,0.0426085
img_03995.jpg,1.01318e-05,0.0596254,0.0796627,0.000653663,0.00191021,0.000330057,0.000816626,0.856991
img_03943.jpg,0.989098,0.000391233,6.05538e-05,0.000592106,0.00809907,0.00109202,0.000268119,0.000398572
img_01996.jpg,0.0615763,0.000424722,0.00105053,0.00270635,0.0897772,0.814958,0.028589,0.000918153
img_06285.jpg,0.00137601,0.011188,0.00271756,0.000526318,0.00526887,0.00886858,0.00276371,0.967291
img_06630.jpg,0.00977216,0.0184086,0.000818366,0.00199341,0.00011863,6.10122e-05,0.0247933,0.944034
img_05587.jpg,0.226101,0.233677,0.0257574,0.425116,0.0851514,0.00366691,0.00047609,5.50626e-05
img_02834.jpg,0.0236464,0.00823991,0.00052021,0.000340712,0.000953997,0.00139185,0.00654956,0.958357
img_05438.jpg,0.948645,0.0164392,0.00109716,0.00108868,0.000916144,0.0297525,0.0015025,0.000558993
img_02082.jpg,0.0328097,0.000916271,0.00255455,0.00136472,0.856136,0.0104147,0.0955952,0.000208754
img_07318.jpg,0.000314778,0.00269817,0.0103784,0.000534714,0.000444719,0.0800381,0.00177561,0.903815
img_04221.jpg,0.967797,0.0142722,0.00415835,0.00055879,0.00074069,0.00587205,0.000377786,0.00622268
img_02573.jpg,0.324753,0.365384,0.0149612,0.00744841,0.0760113,0.0228413,0.00335915,0.185242
img_07084.jpg,0.0106988,0.0153502,0.016961,0.00409788,0.0176285,0.0496066,0.00513811,0.880519
img_03488.jpg,0.682469,0.150855,0.00241676,0.0020708,0.00121276,0.152046,0.00300744,0.00592206
img_04247.jpg,7.00952e-06,0.00056023,9.40541e-05,0.00174464,1.70744e-06,0.000121579,0.00220588,0.995265
img_05359.jpg,0.762354,0.0570178,0.00254299,0.000702326,0.00464866,0.12837,1.67213e-05,0.0443481
img_05940.jpg,0.640161,0.00247945,0.000448746,0.00465736,0.3326,0.0089042,0.00587231,0.00487702
img_05349.jpg,0.00119785,0.99744,0.000513809,0.000298502,0.000251633,1.15534e-05,0.000180848,0.000105524
img_04145.jpg,0.57361,0.00172191,0.00182583,0.00685821,0.0323307,0.358334,0.00140748,0.0239123
img_04073.jpg,0.00746415,0.329806,0.00195446,0.363832,0.000364497,0.0617517,0.0180584,0.216769
img_05322.jpg,0.866603,0.00608363,0.0117583,0.0535676,0.0547153,0.00406446,0.0023256,0.000882111
img_03581.jpg,0.711715,0.00458327,0.00949985,0.110615,0.012441,0.140444,0.00517531,0.00552748
img_06637.jpg,0.000668185,0.00183124,0.00160975,0.000774197,0.993511,0.000248786,0.000156914,0.00119975
img_06808.jpg,0.0784137,0.0640986,0.147511,0.00332314,6.99053e-05,0.0464296,0.00614388,0.65401
img_06608.jpg,0.990898,0.000889365,0.00163965,0.00183379,0.00185409,0.00107564,0.000271211,0.00153835
img_00654.jpg,0.544083,0.0197262,0.0650599,0.0276864,0.273522,0.0489678,0.00425495,0.0166998
img_05479.jpg,0.667192,0.0556697,0.00450845,0.0137116,0.0137417,0.234063,0.00435549,0.00675747
img_04975.jpg,0.143516,0.00225633,0.00141317,0.00188174,0.0910548,0.0124424,0.150434,0.597001
img_01647.jpg,0.39337,0.00830569,0.000764877,0.00338577,0.568396,0.000812631,0.00178123,0.0231839
img_04130.jpg,0.925884,0.00180932,0.000389474,0.00074619,0.0527616,0.000666618,0.000875517,0.0168674
img_01595.jpg,0.00117756,0.00206345,0.000490762,0.00114547,0.985756,0.000580964,0.0056751,0.00311119
img_01179.jpg,0.749831,0.0141675,0.00337887,0.0223863,0.106103,0.0826431,0.0128937,0.0085965
img_00646.jpg,0.000110308,0.00311888,0.0139687,0.000545805,5.31157e-06,0.000852392,0.00130106,0.980097
img_06076.jpg,0.329147,0.370023,0.000142834,0.00703473,0.237327,0.0277009,0.00941039,0.019214
img_04282.jpg,0.26982,0.104027,0.00972815,0.00314592,0.0047456,0.116052,0.461334,0.0311465
img_06831.jpg,0.642501,0.318143,0.000878276,0.0124132,0.001863,0.0155399,0.00129078,0.00737084
img_05775.jpg,0.666632,0.00611727,0.00265586,0.207754,0.000808134,0.0939991,0.0185303,0.0035033
img_05016.jpg,0.892426,0.00570904,0.00217025,0.00157166,0.00543451,0.0788594,0.00755294,0.00627573
img_07417.jpg,0.000276135,0.000930434,0.00299018,0.000424459,1.16598e-05,0.0154438,0.00132223,0.978601
img_04949.jpg,0.798282,0.0983661,0.00167251,0.00402088,0.000214608,0.0154025,0.0435175,0.0385242
img_06332.jpg,0.0872163,0.107511,0.0738515,0.0348466,0.169693,0.0106246,0.350326,0.165932
img_00798.jpg,0.567361,0.164216,0.0127945,0.0140597,0.00321917,0.135644,0.0201372,0.0825685
img_00302.jpg,0.00412792,0.0057234,0.0046868,0.00270802,0.000192216,0.289683,0.453029,0.23985
img_05222.jpg,0.572501,0.13336,0.096313,0.00128787,0.182684,0.00158024,0.00351736,0.00875721
img_00982.jpg,0.308702,0.353903,0.0222483,0.0047809,0.0781342,0.0133242,0.00444888,0.214459
img_06685.jpg,1.83763e-05,0.0627618,0.136617,0.00268663,0.615966,0.000663735,0.00564822,0.175638
img_01325.jpg,0.0762489,0.199214,0.0135005,0.0108541,0.604119,0.0154581,0.0194485,0.0611567
img_07023.jpg,0.819313,0.0161039,0.000831893,0.00827782,0.0885494,0.0527683,0.00326181,0.0108936
img_04422.jpg,0.408592,0.427313,0.00128219,0.00656214,0.0172697,0.0581835,0.0294732,0.0513243
img_00676.jpg,0.0642205,0.74598,0.00167822,0.00100873,0.0219571,0.00130524,0.0024238,0.161427
img_07149.jpg,0.967471,0.00583267,0.000384139,0.00520749,0.00712269,0.00633393,0.0019656,0.00568232
img_04233.jpg,0.00349537,0.0318553,0.00355697,0.00732662,0.911368,0.00653249,0.0104897,0.0253753
img_03399.jpg,0.953422,0.0041752,0.00255985,0.000531208,0.000846419,0.0343162,0.00296528,0.00118406
img_05210.jpg,0.647722,0.00367403,0.00735135,0.00529666,0.280918,0.0381623,0.00261497,0.014261
img_01392.jpg,0.000112342,0.225962,0.501168,0.00625748,0.00161309,0.0207117,0.00242997,0.241745
img_00285.jpg,0.935519,0.00154585,0.000276069,0.000114494,0.00238205,0.00153977,0.00448551,0.0541378
img_04671.jpg,0.834508,0.0145646,0.000478851,0.000189118,0.000394867,0.00554614,0.000276013,0.144042
img_01208.jpg,0.00128309,0.000283118,0.000528166,0.000180185,0.997041,6.14879e-05,7.21282e-05,0.000551172
img_06210.jpg,0.564466,0.00426142,0.00151376,0.00131048,0.00546873,0.33822,2.30506e-05,0.0847358
img_02146.jpg,0.320579,0.00324255,0.00384695,0.00159224,0.662228,0.00463301,0.0014405,0.00243763
img_00979.jpg,0.00501406,0.0143191,0.816065,0.00624121,0.00296404,0.019525,0.00499151,0.130881
img_01058.jpg,0.587169,0.0505961,0.00398804,0.00805654,0.0538532,0.00291181,0.00464865,0.288777
img_05922.jpg,0.729154,0.0384937,0.00928807,0.0132692,0.00700898,0.00515367,0.00625815,0.191374
img_04657.jpg,0.391846,0.113687,0.0683589,0.12191,0.181779,0.111831,0.0102826,0.000306185
img_00230.jpg,0.782577,0.126561,0.0405292,0.0222767,0.000791762,0.0193823,0.00538063,0.00250174
img_02876.jpg,0.00670665,0.00431634,0.258139,0.00168005,0.00648381,0.0014297,0.00127143,0.719973
img_01371.jpg,0.598812,0.00936503,0.0272716,0.00193134,0.315535,0.00237984,0.00529078,0.0394146
img_04126.jpg,0.207528,0.00661242,0.0149803,0.0022459,0.708527,0.0102274,0.00758575,0.0422935
img_02135.jpg,0.0238104,0.00745245,7.17452e-05,0.000728305,0.936149,0.00136859,0.0241157,0.00630325
img_02124.jpg,0.219351,0.00177602,0.000613969,0.00165212,0.0252208,0.73202,0.0183598,0.00100649
img_06585.jpg,0.0306666,0.000394289,0.00153191,0.001163,0.937028,0.0237555,0.00460589,0.000855165
img_03760.jpg,0.427517,0.0152473,0.00150316,0.00201496,0.00437972,0.315818,0.131485,0.102035
img_01932.jpg,0.578817,0.0182186,0.0179363,0.17736,0.0272168,0.00915507,0.00828427,0.163011
img_07528.jpg,0.834943,0.00143148,0.00023883,0.00223267,0.159127,0.000975148,0.000899892,0.000152326
img_00729.jpg,0.196333,0.00105863,0.00448242,0.0089969,0.772127,0.00595086,0.0105387,0.000512446
img_07086.jpg,0.64822,0.0078933,0.00176735,0.00377052,0.00248877,0.109638,0.0187305,0.207492
img_07501.jpg,0.173111,0.00582619,0.00266871,0.000487173,0.812325,0.00328814,0.000705648,0.00158877
img_07590.jpg,0.804343,0.120207,0.000428026,0.0686669,0.00244878,0.00065196,0.00142086,0.00183377
img_05989.jpg,0.622739,0.0184268,0.0981097,0.0242965,0.14635,0.0577222,0.00536254,0.0269933
img_02811.jpg,0.549738,0.00397975,0.00735934,0.00317697,0.0121583,0.407064,0.014826,0.0016978
img_06559.jpg,0.381181,0.0160831,0.00145789,0.00277376,0.57418,0.00552921,0.00198758,0.0168078
img_04423.jpg,0.191441,0.00313435,0.00195727,0.00307694,0.676575,0.000924835,0.00411457,0.118776
img_06496.jpg,0.888821,0.0107779,0.00763537,0.0295225,0.00327097,0.0559687,0.00150295,0.00250086
img_04453.jpg,0.0020789,0.00142217,6.47272e-05,0.000363275,0.994116,0.000954295,0.000524061,0.000476367
img_03445.jpg,0.472273,0.0124302,0.000698212,0.00135511,0.50838,0.000185342,0.000522427,0.0041554
img_06455.jpg,0.0582576,0.24013,0.0512778,0.0611447,0.000372414,0.104646,0.00776757,0.476404
img_03231.jpg,0.735976,0.00742309,0.0667247,0.044515,0.0336394,0.0904648,0.00586559,0.0153917
img_00642.jpg,0.00964851,0.00315585,0.0628274,0.905593,0.00472519,0.00657655,0.000654949,0.00681895
img_01490.jpg,0.00167155,0.0209748,0.536335,0.00963344,0.000225962,0.021853,0.00736558,0.401941
img_02766.jpg,0.996979,0.0013072,0.000200445,4.08699e-05,0.000722315,0.000644889,5.87547e-05,4.69414e-05
img_03967.jpg,0.821386,0.0919651,0.0276758,0.00328058,0.0272818,0.0118355,0.00799468,0.00858048
img_01640.jpg,0.988889,0.00368709,9.41871e-05,0.000195075,0.00296363,0.00123379,6.78926e-05,0.00286896
img_07251.jpg,0.0356798,0.00515642,0.0055012,0.0251631,0.00127771,0.0102129,0.664032,0.252977
img_01405.jpg,0.903394,0.0614718,0.00490228,0.00118325,0.013609,0.00883706,0.00160082,0.00500159
img_02412.jpg,0.270024,0.00257216,9.81976e-05,0.000507694,0.000874723,0.00196637,0.00162163,0.722336
img_03945.jpg,0.203952,0.00168808,0.000693637,0.00156578,0.0141321,0.760527,0.0161747,0.0012667
img_03869.jpg,0.971802,0.00182471,0.000218179,0.000524492,0.00661614,0.0164216,0.000635519,0.00195723
img_02076.jpg,0.00160142,0.866253,0.00631343,0.00238159,0.0500787,0.000462604,0.00379408,0.0691151
img_03750.jpg,0.106463,0.0192784,0.00577154,0.00204625,0.0865933,0.268923,0.237764,0.27316
img_05813.jpg,0.0205055,0.0714624,0.0310197,0.0101175,0.000822837,0.0256004,0.00569744,0.834774
img_05328.jpg,0.538346,0.145374,0.014865,0.0199652,0.058361,0.0377676,0.137335,0.0479862
img_04740.jpg,0.34385,0.174109,0.260359,0.00659668,0.0775627,0.133726,0.00363582,0.000160747
img_00487.jpg,8.64235e-05,0.000234826,3.87856e-06,3.95068e-05,0.999512,1.59597e-05,7.10533e-05,3.62285e-05
img_07700.jpg,0.335736,0.151362,0.139382,0.0113665,0.19879,0.154706,0.00780729,0.000849761
img_06812.jpg,0.890044,0.00209498,0.00253049,0.000344013,0.0802142,0.00239386,0.00158311,0.0207954
img_02305.jpg,0.0010449,0.349417,0.000811806,0.093213,0.0044141,0.0251604,0.0277463,0.498192
img_07621.jpg,0.73067,0.0162364,0.000864637,0.000898329,0.00221613,0.0907128,0.000345038,0.158057
img_01825.jpg,0.0158738,0.955091,0.0255044,0.000149271,0.00280211,0.000314553,0.000187213,7.72612e-05
img_07348.jpg,0.323197,0.0157684,0.000395998,0.00294955,0.647012,0.00404401,0.00241833,0.00421451
img_06001.jpg,0.616152,0.195769,0.00947627,0.00887467,0.00247908,0.109856,0.0095008,0.0478915
img_00075.jpg,0.761532,0.00126666,0.000691122,0.000242079,0.000647579,0.234201,0.000984079,0.000435826
img_00125.jpg,0.32243,0.0124856,0.0138719,0.014123,0.00572899,0.356175,0.134663,0.140522
img_04507.jpg,0.000427293,0.0105683,0.195468,0.00379216,0.00351213,0.0220046,0.000339184,0.763888
img_06922.jpg,0.0075622,0.0269094,0.00672458,0.0135263,0.000133116,0.0689486,0.673185,0.203011
img_02356.jpg,0.0942374,0.000667156,0.00591999,0.00408328,0.0344093,0.00144382,0.013416,0.845823
img_07079.jpg,5.17511e-05,0.000992832,0.00195587,0.000578844,0.996235,2.53293e-05,6.41598e-05,9.57262e-05
img_03941.jpg,0.789051,0.00055937,0.00462116,0.00579108,0.00230704,0.185867,0.0111499,0.000652674
img_04382.jpg,0.000142271,0.00496253,0.590793,0.00484203,0.000560092,0.00411326,0.00290026,0.391687
img_03446.jpg,0.000152495,0.124782,0.357982,0.00400906,0.0035177,0.0128785,0.00156202,0.495116
img_01717.jpg,0.368451,0.0160804,0.000340305,0.0027759,0.603911,0.00341295,0.00169833,0.0033296
img_07893.jpg,0.276012,0.00137738,0.000461055,0.00245164,0.00143366,0.462078,0.0333854,0.2228
img_02188.jpg,0.0811426,0.0106536,0.000997696,0.00104451,0.00134699,0.00366791,0.112139,0.789008
img_00612.jpg,0.276228,0.000649917,0.000119987,0.000386079,0.00120557,0.692478,0.0261054,0.00282722
img_00196.jpg,0.0123541,0.95355,0.000790858,0.000711711,0.00820231,0.0014191,0.000685981,0.0222861
img_04675.jpg,0.00149192,0.0469707,0.720086,0.00610151,0.00146208,0.00939372,0.00286201,0.211632
img_07561.jpg,0.074526,0.789881,0.00290856,0.00393294,0.00202712,0.00740164,0.00342345,0.1159
img_07157.jpg,0.196875,0.0205744,0.505898,0.00306568,0.000319223,0.265088,0.0025081,0.0056712
img_03924.jpg,2.51282e-06,0.15143,0.0525274,0.00135592,0.639032,0.000248587,0.00150354,0.1539
img_07859.jpg,0.017954,0.95404,0.000111946,0.000103988,0.00774421,5.50816e-05,0.00316854,0.0168225
img_06345.jpg,0.0221841,0.000984201,0.000196908,0.0181841,0.000131914,0.0475092,0.00168767,0.909122
img_06302.jpg,0.880433,0.017517,0.00406968,0.0137202,0.00117793,0.0136666,0.00431138,0.065104
img_06734.jpg,0.0718754,0.00543611,0.00229066,0.000292957,1.49634e-05,0.00120401,0.00191605,0.91697
img_02309.jpg,0.986242,0.00600786,0.000116656,0.000172799,0.00342002,0.00150212,4.80605e-05,0.00249073
img_03677.jpg,0.736078,0.145707,0.0646932,0.011402,0.000117277,0.00638498,0.0011706,0.0344468
img_06318.jpg,0.248959,0.00301477,0.0112422,0.0122218,0.00664518,0.396722,0.219609,0.101586
img_04624.jpg,0.00565204,0.00290148,1.63395e-05,0.00128949,1.7825e-05,0.989616,0.000319227,0.000187269
img_04036.jpg,0.0570901,0.0096247,0.00123926,0.00149509,0.00355326,0.00269029,0.152693,0.771615
img_03587.jpg,0.00692393,0.00688967,0.000127777,0.000896212,0.00021541,0.00540809,6.72263e-05,0.979472
img_04532.jpg,0.0532685,0.00584158,5.90008e-05,0.00244475,8.25502e-05,0.936994,0.000270872,0.00103912
img_04285.jpg,0.452186,0.0474939,0.00208696,0.00168479,0.016319,0.092794,0.000781179,0.386654
img_06939.jpg,0.811563,0.0695655,0.00401755,0.00156267,0.00324525,0.0199182,0.00270718,0.087421
img_04559.jpg,0.0199681,0.0159273,0.245101,0.0092765,0.0376825,0.410567,0.0115239,0.249954
img_01404.jpg,0.760708,0.00200253,0.000905984,0.203837,0.000139894,0.0296717,0.000638252,0.0020964
img_07514.jpg,0.121642,0.00765435,0.0065929,0.00854608,0.422256,0.0278181,0.0110849,0.394405
img_05078.jpg,0.344709,0.0300756,0.444303,0.00995096,0.0970233,0.0253133,0.00351259,0.0451122
img_05015.jpg,0.0119137,0.0167517,0.0238712,0.934278,0.0010117,0.00854827,0.000344348,0.00328088
img_00180.jpg,0.0664684,0.00278589,0.0116068,0.00353137,0.0740108,0.0038491,0.00722471,0.830523
img_00828.jpg,6.43963e-07,0.000157804,0.000181831,0.000218389,0.999065,5.24589e-05,0.000220477,0.000103869
img_06646.jpg,0.278895,0.00472201,0.00878897,0.00249446,0.628796,0.00510612,0.0054573,0.0657399
img_05740.jpg,0.959899,0.00319242,0.00347245,0.00216282,0.0138686,0.00607475,0.00156873,0.00976153
img_06975.jpg,0.836219,0.00697912,0.0327542,0.000675293,0.114134,0.00648843,0.001114,0.00163551
img_00473.jpg,0.890304,0.00922084,0.000817721,0.000777361,0.0442954,0.00365254,0.00144191,0.0494898
img_04405.jpg,0.114282,0.0353691,0.00149024,0.00155982,0.00185428,0.00108824,0.0392506,0.805106
img_02733.jpg,0.837292,0.000779977,0.00437854,0.0413104,0.0431812,0.0643195,0.00704669,0.00169133
img_03929.jpg,0.000504567,0.411636,0.000700598,0.101406,0.00101731,0.015535,0.00860277,0.460598
img_06207.jpg,0.23147,0.0270429,0.0196072,0.00416476,0.0112794,0.687417,0.018628,0.000390832
img_01377.jpg,0.10973,0.00209856,0.00106895,0.00399593,0.876907,0.000231753,0.000959519,0.00500773
img_03346.jpg,0.881012,0.0108087,0.00161071,0.00198863,0.054606,0.0291308,0.0118155,0.00902815
img_04432.jpg,0.957434,0.0109932,0.000168166,0.000568607,0.023388,0.00283382,0.00031566,0.00429824
img_05672.jpg,0.0281389,0.00465832,3.80674e-05,0.0021457,0.000175362,0.962781,0.000483597,0.00157891
img_06783.jpg,0.110295,0.00229761,0.000702262,0.00107365,0.00219471,0.0123733,0.00154632,0.869517
img_06732.jpg,0.983403,0.00264953,0.000752851,0.000599355,0.00018333,0.000143457,0.00026972,0.0119991
img_03831.jpg,3.79118e-05,0.0206758,0.0544055,0.00114805,0.00567187,0.000202434,0.00038566,0.917473
img_00272.jpg,0.351605,0.398306,0.0965535,0.0792447,0.0021301,0.0662277,0.000423623,0.00550976
img_02540.jpg,0.41403,0.0398149,0.0582983,0.00635238,0.0326381,0.44685,0.00198525,3.19922e-05
img_03942.jpg,0.940477,0.00606233,0.00275498,0.00117881,0.00320472,0.0368282,0.00566726,0.00382705
img_03718.jpg,0.703772,0.00387108,0.00207295,0.0164178,0.00406956,0.248984,0.0197027,0.00111009
img_05960.jpg,0.0109823,0.0240986,0.00109495,0.00126607,0.000165516,4.98594e-05,0.0134044,0.948938
img_06174.jpg,0.725575,0.0464195,0.00236027,0.00216002,0.000623492,0.163034,0.0392809,0.0205471
img_02656.jpg,0.721008,0.104452,0.0528517,0.0225179,0.0050248,0.0580399,0.00415812,0.031947
img_02625.jpg,0.111894,0.000709596,0.000750958,0.00132887,0.0143905,0.826161,0.0410877,0.00367768
img_04015.jpg,0.828482,0.00452205,0.00101858,0.000798504,0.00269456,0.152458,0.004376,0.00565027
img_01548.jpg,0.995519,0.000695036,0.000266162,2.07065e-05,0.00250072,0.00020363,0.00010027,0.000694828
img_05805.jpg,0.615067,0.16984,0.0418761,0.0084973,0.00649038,0.0169694,0.0167942,0.124466
img_05838.jpg,0.913168,0.0229763,0.0117844,0.0133079,0.0236228,0.00591291,0.00321852,0.00600873
img_05721.jpg,0.00201605,0.0120733,0.394464,0.00816025,0.00107775,0.109161,0.00498335,0.468064
img_05185.jpg,0.996679,0.00128364,8.31237e-05,0.000464699,0.000735512,0.000220378,3.32835e-05,0.00050056
img_07799.jpg,0.748584,0.0206736,0.00320048,0.00430049,0.0298409,0.0277605,0.0160479,0.149592
img_00760.jpg,0.0466451,0.0035499,0.0468261,0.884511,0.00263704,0.0135444,0.00166343,0.000623093
img_05615.jpg,0.939118,0.0240784,0.0265524,0.00038648,0.00279243,0.00596858,0.000600635,0.000503018
img_06261.jpg,0.945765,0.000495506,0.00016999,0.000347352,0.0150463,0.0294823,0.000121818,0.00857182
img_06010.jpg,0.899547,0.0089423,0.00209322,0.0025123,0.00264107,0.0728541,0.00186599,0.00954413
img_07659.jpg,0.206713,0.0212555,0.0185499,0.00798107,0.00457651,0.167477,0.232937,0.340509
img_06662.jpg,0.0161245,5.20264e-05,0.00248988,0.000666054,0.979453,0.000203394,0.000442449,0.00056858
img_05378.jpg,0.988768,4.01741e-05,0.000187826,7.98413e-05,0.0101231,0.000195914,0.000262215,0.000342955
img_03135.jpg,0.582035,0.0268859,0.00100207,0.00131177,0.00308198,0.0026627,0.000523087,0.382498
img_00103.jpg,0.94114,0.0483471,0.00351065,0.00219729,0.000553672,0.00369575,0.000335537,0.000220031
img_06101.jpg,0.00436843,0.00303532,0.313482,0.00488177,0.00151186,0.133098,0.00898737,0.530635
img_06033.jpg,0.000728231,0.0343226,0.126754,0.00126573,0.0602405,0.00360296,0.000902731,0.772183
img_04959.jpg,0.552841,0.291377,0.0192537,0.017763,0.0826281,0.0211638,0.0115922,0.0033808
img_01103.jpg,0.190658,0.140995,0.00160718,0.00417948,0.000855513,0.000761321,0.00108867,0.659855
img_06564.jpg,0.812814,0.00350598,0.015843,0.0932339,0.00290885,0.0373933,0.0112626,0.0230387
img_00964.jpg,0.000380585,0.0190922,0.712623,0.00557824,7.80138e-05,0.00891594,0.00141137,0.25192
img_00550.jpg,0.228276,0.27897,0.288856,0.0109106,0.0456811,0.143418,0.00366725,0.000221448
img_03923.jpg,0.137327,0.00441445,0.0247231,0.252645,0.535885,0.00401243,0.0349446,0.0060486
img_07005.jpg,0.925848,0.000952932,0.00113066,0.00193335,0.000205456,0.0642383,0.00556148,0.000129939
img_04511.jpg,0.548451,0.0167543,0.000796133,0.00327808,0.0800122,0.335234,0.0112517,0.00422216
img_00773.jpg,0.550352,0.00850613,0.377259,0.0439587,0.00291941,0.0167847,0.000219053,1.56459e-06
img_02096.jpg,0.982381,0.0100406,0.0026242,0.000546848,0.000181662,0.000312269,0.001176,0.00273729
img_03764.jpg,0.0443655,0.128821,0.150305,0.0042349,0.000382388,0.0233643,0.00897239,0.639554
img_05471.jpg,0.23753,0.00162787,0.000681854,0.001496,0.000923734,0.38095,0.0387247,0.338066
img_03220.jpg,0.533388,0.00661107,0.00141681,0.00165827,0.436335,0.0111687,0.00840919,0.00101313
img_07426.jpg,0.16433,0.1063,0.597121,0.0470762,0.0288583,0.0447233,0.0114353,0.000154899
img_00046.jpg,0.444356,0.000780673,0.00639828,0.00303724,0.537036,0.0014833,0.00631424,0.000594727
img_00331.jpg,0.670856,0.000435756,0.000327406,0.000734968,0.0367164,0.274761,0.00653342,0.00963538
img_02837.jpg,0.536307,0.249019,0.0182678,0.00838854,0.0476225,0.0311745,0.0501244,0.0590972
img_06346.jpg,0.223906,0.0086485,0.00238157,0.00462844,0.116969,0.5452,0.0907329,0.00753373
img_04562.jpg,2.17232e-05,5.15177e-05,9.61989e-06,1.051e-05,3.73631e-07,4.43069e-05,4.5773e-06,0.999857
img_04390.jpg,0.00348294,0.115019,0.0275591,0.00574977,0.0145202,0.00789821,0.00583695,0.819934
img_01673.jpg,0.7839,0.00791288,0.00702488,0.00211653,0.157882,0.0352827,0.00154951,0.00433155
img_01171.jpg,2.11393e-05,0.0563543,0.0869187,0.00320806,0.652167,0.000190756,0.00181052,0.199329
img_05882.jpg,0.300885,0.016944,0.00208441,0.00518684,0.010738,0.492288,0.000177512,0.171697
img_07160.jpg,0.0608879,0.000163687,0.000403128,0.000889554,0.830356,0.104028,0.00216629,0.00110521
img_03825.jpg,0.980852,0.00176453,0.000570193,0.000405335,0.00022734,0.000200059,0.000411314,0.0155689
img_01862.jpg,0.865942,0.00194324,0.003886,0.00178101,0.0105691,0.109426,0.00432582,0.00212775
img_03055.jpg,0.832469,0.000963342,0.000409275,0.0102317,1.40128e-05,0.152415,0.0029065,0.000590776
img_03504.jpg,0.536686,0.0718741,0.00129423,0.00155207,0.00856858,0.374558,0.000958228,0.00450925
img_06547.jpg,0.849172,0.00429289,0.0047131,0.00140551,0.107533,0.0284357,0.00129057,0.00315655
img_06748.jpg,1.04073e-06,0.000137887,0.00330022,0.000466651,1.09846e-05,0.00115003,8.35635e-05,0.99485
img_05963.jpg,0.654631,0.00744709,0.00334827,0.00477226,0.00578521,0.168636,0.0022537,0.153127
img_04757.jpg,0.428288,0.000991563,0.00156897,0.00345314,0.0114431,0.537796,0.00086733,0.0155918
img_04266.jpg,0.192216,0.000881204,0.000483221,0.00122572,0.00993706,0.754514,0.0379633,0.00277922
img_07051.jpg,0.393418,0.243118,0.00146272,0.0125232,0.000238208,0.0598237,0.049572,0.239844
img_06955.jpg,0.605314,0.0228756,0.168305,0.0125285,0.00799284,0.174463,0.00147708,0.00704304
img_01249.jpg,0.0441975,0.000421191,0.000892842,0.00606427,0.947273,0.000957155,0.000164579,2.92782e-05
img_05454.jpg,0.0070717,0.00103422,0.000176167,0.000425611,0.987377,0.00204845,0.000786217,0.00108082
img_02318.jpg,0.0582243,0.00212112,0.000201427,0.0109789,0.0028765,0.00474764,0.00693206,0.913918
img_05539.jpg,0.218924,0.0374109,0.0122085,0.00277838,0.00271927,0.717317,0.00857165,7.06949e-05
img_00999.jpg,0.925422,0.0177222,0.00065167,0.00014084,0.000940553,0.00432399,7.06541e-05,0.0507282
img_01781.jpg,0.0431498,0.0462726,0.00634444,0.145606,0.388553,0.363365,0.00594421,0.000764393
img_01116.jpg,0.936665,0.0338457,0.0088896,0.00917565,3.70395e-05,0.00231741,0.000436995,0.0086324
img_06321.jpg,0.0408273,0.0356878,0.000640476,0.000335846,0.000338587,0.00191102,0.00408984,0.916169
img_02703.jpg,0.0710833,0.000424418,0.0400169,0.00532481,0.0313249,0.00137176,0.0191347,0.831319
img_06673.jpg,0.985518,0.00106337,8.54527e-05,0.0013349,0.00926635,0.000825974,0.000579664,0.00132607
img_04370.jpg,0.790971,0.0817424,0.00230966,0.000928511,0.000828678,0.109067,0.00327256,0.0108806
img_04629.jpg,0.317573,0.0107473,0.000956614,0.00171272,0.621378,0.000689205,0.00140211,0.0455416
img_05790.jpg,0.344042,0.0185363,0.0088663,0.015727,0.22881,0.206435,0.0146699,0.162913
img_07314.jpg,8.29689e-05,0.00411448,0.146169,0.000765721,0.000221915,0.0848405,0.00504199,0.758764
img_00244.jpg,0.133563,0.421786,0.0089207,0.00558597,0.00336494,0.120216,0.0116398,0.294924
img_05186.jpg,0.936322,0.00315425,0.00177601,0.000745161,0.00214608,0.00091613,0.00105396,0.0538868
img_05857.jpg,0.922473,0.0251548,0.00363991,0.00918575,0.00424549,0.00315004,0.00159392,0.0305566
img_02648.jpg,0.0248091,0.00868742,0.0913805,0.0129553,0.000525979,0.241129,0.00845936,0.612053
img_05068.jpg,0.42562,0.410229,0.00439318,0.0532727,0.00789711,0.00990311,0.00388855,0.0847971
img_04479.jpg,0.265973,0.00252006,0.0449578,0.00457582,0.1321,0.526591,0.0155057,0.00777738
img_00959.jpg,0.746233,0.00250447,0.000259766,0.00403376,0.235797,0.00639862,0.00271836,0.00205455
img_00175.jpg,0.304762,0.0268575,0.0196445,0.00521927,0.0146956,0.61365,0.0149411,0.000230243
img_00927.jpg,0.0192602,0.00194709,0.000571454,0.000943383,0.000719737,0.0039744,0.00124642,0.971337
img_02119.jpg,0.825071,0.00769371,0.0775103,0.00439001,0.00045864,0.00548631,0.00105607,0.0783339
img_02379.jpg,0.34194,0.0104072,0.00436193,0.00389927,0.0489283,0.00235408,0.00419325,0.583916
img_07419.jpg,0.000237441,0.0108952,0.189649,0.000352137,0.000410646,0.00484566,0.000703594,0.792907
img_03952.jpg,0.537848,0.0225074,0.00198809,0.00276202,0.00968108,0.0594961,0.0101483,0.355569
img_07319.jpg,0.433192,0.0784831,0.00597794,0.0116985,0.0183061,0.00688659,0.00278708,0.442669
img_00648.jpg,0.990288,0.00386253,7.16506e-05,0.000212294,0.00185605,0.00140904,5.9248e-05,0.00224105
img_06268.jpg,0.0137632,0.005724,0.264209,0.00232925,0.0258405,0.00144898,0.00323864,0.683447
img_00171.jpg,0.202934,0.0021275,0.00263897,0.00351636,0.00189319,0.779234,0.00762544,3.02824e-05
img_02479.jpg,1.31879e-05,4.10689e-05,0.0018461,5.4226e-05,0.997795,0.000102468,0.000100701,4.73625e-05
img_02083.jpg,0.000705937,0.000759355,0.000169067,0.000288689,0.997492,0.000279216,0.000272565,3.32983e-05
img_07420.jpg,0.0692481,0.008968,0.00325457,0.871261,0.00642385,0.0234161,0.00749186,0.00993689
img_00620.jpg,0.965711,0.00351139,0.00500454,0.0133599,0.00316232,0.00336165,0.00284179,0.00304743
img_01289.jpg,0.654604,0.0215191,0.000972993,0.00143695,0.00827473,0.176306,0.0666775,0.0702085
img_03128.jpg,0.942187,0.00500013,0.000542255,9.49281e-05,0.000487424,0.00867982,0.000196767,0.0428114
img_04476.jpg,0.105833,0.00521019,0.00574179,0.00436132,0.13967,0.152388,0.131667,0.455129
img_06892.jpg,0.791244,0.00824813,0.025541,0.0103562,0.0764669,0.014547,0.011411,0.0621856
img_01632.jpg,0.914485,0.00140654,0.000882701,0.000317964,0.0734702,0.00111413,0.000981964,0.00734199
img_01782.jpg,0.00114599,0.00442458,0.00100323,0.00311693,0.963369,0.00198219,0.00201365,0.0229443
img_04885.jpg,0.000542842,0.452769,0.00114564,0.0455146,0.00193748,0.0109793,0.0153351,0.471776
img_04696.jpg,0.95796,0.00774021,0.000168241,0.000752646,0.0249661,0.00390888,0.000344854,0.00415918
img_05273.jpg,0.748314,0.00246403,0.00267832,0.00192325,0.0077517,0.230658,0.00144029,0.00477049
img_02001.jpg,0.615494,0.00176481,0.00206752,0.00650042,0.0511648,0.302493,0.000496392,0.0200186
img_01431.jpg,0.0647004,0.0145034,0.102713,0.79489,0.00946361,0.0127243,0.000903695,0.000101441
img_03456.jpg,2.36622e-07,0.000622314,0.000103107,0.000115973,0.999001,0.000119513,1.66975e-05,2.15693e-05
img_02759.jpg,0.0130659,0.0187485,0.917082,0.000824641,0.000926246,0.0194439,0.00548312,0.0244255
img_04001.jpg,0.973237,0.00416005,0.0102699,0.00131382,4.78072e-05,0.00812635,0.00231401,0.000531313
img_07043.jpg,8.30025e-05,0.000308078,4.91473e-05,0.000237163,0.995635,0.000540955,0.00197252,0.00117392
img_03452.jpg,0.0740934,0.833108,0.00331351,0.00124276,0.0220842,0.00104087,0.00659851,0.0585188
img_07122.jpg,0.657251,0.052275,0.0559605,0.115128,0.00159724,0.114125,0.0029291,0.000733552
img_02954.jpg,0.00195792,0.200463,0.061575,0.000902619,0.627735,0.00148754,0.00683258,0.0990454
img_03169.jpg,3.54377e-07,0.000702829,0.887602,0.000598723,4.02161e-05,0.000526081,0.000556052,0.109974
img_00697.jpg,6.59152e-07,0.000111194,0.0225874,0.00101885,6.16016e-05,0.000131958,0.000326857,0.975762
img_00432.jpg,0.356568,0.0655133,0.0924482,0.0114329,0.15704,0.311872,0.00489667,0.000228582
img_00282.jpg,0.202228,0.00394731,0.00443412,0.00475004,0.0045065,0.770803,0.00929311,3.78949e-05
img_04603.jpg,0.349345,0.0542703,0.0332059,0.00904478,0.0578624,0.0267967,0.00875974,0.460716
img_04795.jpg,0.0725732,0.0109761,0.0141808,0.00625293,0.00206436,0.184492,0.61737,0.0920913
img_04321.jpg,0.166471,0.100659,0.00655481,0.00262022,0.0039107,0.00855883,0.0353615,0.675865
img_00040.jpg,0.0304792,0.0084497,0.00424724,0.00217448,0.000518664,0.443137,0.403087,0.107907
img_03946.jpg,0.00630004,0.2017,0.00123685,0.209349,0.00369672,0.0646694,0.0368222,0.476225
img_00292.jpg,0.418244,0.0907862,0.00534362,0.0071183,0.137709,0.0279092,0.0160606,0.296829
img_02574.jpg,0.637689,0.00911469,0.00542347,0.00827917,0.171381,0.0659071,0.0446534,0.0575516
img_03896.jpg,0.983672,0.00347847,0.000209165,0.000149981,0.00573612,0.00653058,0.000106228,0.000117029
img_06238.jpg,0.110696,0.114453,0.00667574,0.0069361,0.710972,0.0374807,0.0023519,0.0104347
img_00858.jpg,0.838228,0.00191204,0.000178412,0.00098601,0.0489943,0.0691243,0.00258373,0.0379927
img_06211.jpg,0.272334,0.180019,0.0538005,0.0723334,0.000291405,0.32051,0.0103132,0.0903979
img_00723.jpg,0.366203,0.0147423,0.000423176,0.0029612,0.60738,0.00301744,0.00159912,0.00367407
img_06042.jpg,0.256251,0.0952498,0.00384836,0.00465017,0.179371,0.0274808,0.0497837,0.383365
img_06508.jpg,0.0275027,0.000607905,0.000203519,0.00243249,0.961291,0.00414498,0.00226342,0.00155422
img_03181.jpg,0.573139,0.0797524,0.00130062,0.00241517,0.00540119,0.300566,0.00309004,0.0343355
img_07563.jpg,0.351719,0.0898689,0.00746262,0.00476383,0.00853223,0.0730216,0.257883,0.206749
img_01134.jpg,0.596757,0.00222464,0.00354594,0.00568079,0.00246051,0.377461,0.0105119,0.00135825
img_06921.jpg,0.966688,0.00386134,0.000290864,0.000207774,0.0208416,0.00396021,0.00100949,0.00314051
img_04181.jpg,0.904613,0.079753,0.00107428,0.000550655,0.00587284,0.00281298,0.00204172,0.00328144
img_06986.jpg,0.945002,0.0170291,0.00192372,0.000576355,0.00900951,0.0214232,0.00226498,0.00277079
img_02384.jpg,0.453826,0.00525756,0.00110519,0.0012746,0.0127039,0.333676,0.0335431,0.158613
img_03355.jpg,0.0115049,0.00219915,0.000770224,0.0015996,0.00347695,0.00127331,0.193015,0.786161
img_02282.jpg,6.32276e-06,0.000389835,0.00053626,0.000290917,1.83223e-05,0.00454225,0.000132701,0.994083
img_06349.jpg,0.0287298,0.906808,0.00074029,0.00041669,0.023576,0.000386954,0.00450043,0.0348421
img_04024.jpg,0.825654,0.00845512,0.000465151,0.000374573,0.00055735,0.0112837,0.000294947,0.152915
img_03270.jpg,0.177852,0.0120336,0.0156392,0.0022121,0.0746458,0.00272049,0.00719732,0.7077
img_06541.jpg,0.939371,0.00325687,0.000106005,0.000586649,0.0391333,0.0138987,0.000367973,0.00327988
img_02607.jpg,0.173143,0.00468238,0.00309045,0.00206275,0.682753,0.0379446,0.0159179,0.0804053
img_05059.jpg,1.60085e-05,0.25683,0.131529,0.0036419,0.364196,0.000532969,0.00473505,0.238519
img_04872.jpg,0.986019,0.000248516,6.37116e-05,0.000113969,0.01094,0.00241352,0.000107855,9.38944e-05
img_03935.jpg,0.0238015,0.000688228,0.000263584,0.00140583,0.902339,0.00397644,0.0672963,0.000229509
img_02209.jpg,0.247105,0.0130485,0.00242952,0.00885025,0.0813064,0.606812,0.0309618,0.00948636
img_06165.jpg,0.129363,0.0214541,0.434106,0.00786516,0.0004152,0.13222,0.0202755,0.254301
img_06899.jpg,0.020856,0.000900956,0.00510326,0.00191629,0.897741,0.00910748,0.0642146,0.000160093
img_03195.jpg,0.738801,0.00929976,0.00155623,0.00150116,0.00998045,0.232063,5.60141e-05,0.00674207
img_04128.jpg,0.0236307,0.967452,0.000617145,0.000676375,0.00121931,0.00111399,0.000596278,0.00469374
img_01399.jpg,7.79988e-05,0.898537,0.00148542,0.000667826,0.00113605,0.000755717,0.000362149,0.0969782
img_03749.jpg,0.0771589,0.0148721,0.00298359,0.00217255,0.00346404,0.2235,0.457829,0.21802
img_07578.jpg,7.51693e-05,0.01292,0.191609,0.00501652,0.000256352,0.00255096,0.00181621,0.785756
img_02911.jpg,0.00205411,0.0396289,0.175873,0.723145,0.00365131,0.00786254,0.00126127,0.046524
img_00974.jpg,0.662711,0.0975755,0.0700811,0.0552133,0.00217251,0.0604333,0.00571458,0.0460992
img_06469.jpg,0.874756,0.103268,0.0122714,0.00316888,0.000713365,0.00199147,0.00126423,0.00256707
img_05927.jpg,0.962921,0.0119267,0.00162876,0.000329844,0.0138629,0.00463463,0.00305644,0.00163983
img_00009.jpg,0.880931,0.100032,0.00377165,0.00262243,0.000475999,0.01143,0.000604812,0.000131812
img_07231.jpg,0.760196,0.195313,0.0004019,0.0407601,0.00153438,0.000586199,0.00100303,0.000205381
img_05719.jpg,3.26673e-05,0.0885531,0.0313155,0.00123872,0.00320107,0.000639111,0.000474461,0.874545
img_02622.jpg,0.880248,0.000413841,0.00028079,0.000348834,0.0158191,0.100166,0.000226036,0.00249741
img_06614.jpg,0.276896,0.00220093,0.00831948,0.505568,0.000870536,0.195831,0.0100511,0.000262775
img_05824.jpg,0.00054252,0.000823581,0.000649223,0.000228578,0.997549,2.63788e-05,5.68979e-05,0.00012393
img_02764.jpg,0.977945,0.000580931,5.59072e-05,0.000118232,0.0176829,0.00318578,0.000174829,0.00025605
img_04563.jpg,0.733548,0.000773263,0.000106552,0.00106448,0.00425427,0.250303,0.00719438,0.00275599
img_07895.jpg,0.948901,0.0161282,0.0227632,0.000344085,0.00380713,0.00718591,0.000667697,0.000202828
img_04136.jpg,0.903693,0.00058182,0.0326954,0.0313115,0.00706598,0.0181448,0.00109175,0.00541595
